subject_1,subject_2,subject_3,subject_4,subject_5,subject_6,mean_score,final_lab
57,68,69,92,67,84,73.0,хорошо
96,41,98,89,77,58,76.0,хорошо
64,88,62,85,45,72,69.0,удовлетворительно
42,92,71,64,53,55,63.0,удовлетворительно
89,44,77,62,68,41,64.0,удовлетворительно
84,77,99,48,74,78,77.0,хорошо
59,68,86,96,58,53,70.0,хорошо
47,64,58,57,78,45,58.0,удовлетворительно
41,49,68,51,51,97,60.0,удовлетворительно
81,75,68,54,69,69,69.0,удовлетворительно
70,87,49,94,82,60,74.0,хорошо
96,93,97,62,63,48,76.0,хорошо
87,86,86,66,73,47,74.0,хорошо
84,43,45,83,97,94,74.0,хорошо
62,82,75,41,75,42,63.0,удовлетворительно
82,73,59,67,86,90,76.0,хорошо
73,42,61,49,86,79,65.0,удовлетворительно
72,84,68,94,55,91,77.0,хорошо
85,79,80,88,77,54,77.0,хорошо
60,67,65,56,81,86,69.0,удовлетворительно
63,58,70,59,84,57,65.0,удовлетворительно
43,83,94,49,45,94,68.0,удовлетворительно
81,67,79,48,99,50,71.0,хорошо
40,57,45,75,66,56,56.0,удовлетворительно
88,56,65,51,91,96,74.0,хорошо
99,45,61,44,79,73,67.0,удовлетворительно
95,55,55,67,69,89,72.0,хорошо
56,78,85,49,68,75,68.0,удовлетворительно
57,41,65,63,78,98,67.0,удовлетворительно
61,91,98,43,92,63,75.0,хорошо
61,43,45,61,71,93,62.0,удовлетворительно
63,46,66,51,74,69,62.0,удовлетворительно
42,79,60,94,66,93,72.0,хорошо
68,89,65,87,54,60,70.0,хорошо
53,65,59,96,63,46,64.0,удовлетворительно
56,79,87,48,92,65,71.0,хорошо
49,45,71,57,40,84,58.0,удовлетворительно
76,93,91,83,53,43,73.0,хорошо
58,57,61,88,85,84,72.0,хорошо
54,41,69,81,59,57,60.0,удовлетворительно
47,89,50,59,77,68,65.0,удовлетворительно
93,50,43,62,40,90,63.0,удовлетворительно
91,72,90,94,42,70,76.0,хорошо
47,82,70,45,40,57,57.0,удовлетворительно
64,56,75,65,91,65,69.0,удовлетворительно
47,61,96,86,98,87,79.0,хорошо
64,87,88,73,43,74,72.0,хорошо
69,50,54,98,93,74,73.0,хорошо
92,53,59,76,45,99,71.0,хорошо
66,86,81,44,81,51,68.0,удовлетворительно
79,62,45,51,91,58,64.0,удовлетворительно
61,92,62,47,65,82,68.0,удовлетворительно
59,71,95,40,49,61,62.0,удовлетворительно
41,83,92,90,47,44,66.0,удовлетворительно
96,99,78,80,49,74,79.0,хорошо
89,78,40,60,75,46,65.0,удовлетворительно
51,80,50,50,90,49,62.0,удовлетворительно
56,53,55,61,99,63,64.0,удовлетворительно
71,51,74,88,76,63,70.0,хорошо
69,46,86,73,72,46,65.0,удовлетворительно
68,95,72,89,55,81,77.0,хорошо
58,60,78,70,90,41,66.0,удовлетворительно
80,45,98,77,97,52,75.0,хорошо
62,65,52,79,54,79,65.0,удовлетворительно
78,71,42,63,49,95,66.0,удовлетворительно
93,69,64,53,88,74,74.0,хорошо
98,54,56,53,46,41,58.0,удовлетворительно
96,98,85,50,59,84,79.0,хорошо
71,96,79,72,79,84,80.0,хорошо
59,99,60,71,87,93,78.0,хорошо
91,75,46,57,81,49,66.0,удовлетворительно
72,88,71,58,60,75,71.0,хорошо
80,56,53,69,61,70,65.0,удовлетворительно
65,69,41,67,96,57,66.0,удовлетворительно
49,96,47,97,58,61,68.0,удовлетворительно
54,48,92,99,48,78,70.0,хорошо
87,61,89,77,42,98,76.0,хорошо
88,86,49,43,73,95,72.0,хорошо
76,62,51,93,53,95,72.0,хорошо
55,86,84,52,98,45,70.0,хорошо
59,87,40,45,75,93,66.0,удовлетворительно
82,61,49,73,82,52,66.0,удовлетворительно
49,69,61,91,83,53,68.0,удовлетворительно
55,89,79,75,91,83,79.0,хорошо
43,71,41,69,93,91,68.0,удовлетворительно
68,66,58,90,76,48,68.0,удовлетворительно
50,45,64,77,83,44,60.0,удовлетворительно
52,83,72,51,88,94,73.0,хорошо
43,79,71,44,47,66,58.0,удовлетворительно
83,50,98,72,69,78,75.0,хорошо
48,52,91,65,80,62,66.0,удовлетворительно
49,73,58,40,54,50,54.0,удовлетворительно
40,87,40,96,62,99,71.0,хорошо
40,95,90,52,47,58,64.0,удовлетворительно
94,75,62,94,74,76,79.0,хорошо
68,65,51,60,71,53,61.0,удовлетворительно
91,70,60,91,86,40,73.0,хорошо
52,44,65,68,47,53,55.0,удовлетворительно
94,52,72,59,69,40,64.0,удовлетворительно
94,83,80,98,51,65,78.0,хорошо
83,78,46,85,90,57,73.0,хорошо
91,98,51,71,47,85,74.0,хорошо
92,68,74,71,45,86,73.0,хорошо
69,48,74,91,44,47,62.0,удовлетворительно
80,54,45,87,55,41,60.0,удовлетворительно
43,53,88,84,98,69,72.0,хорошо
97,48,48,50,93,47,64.0,удовлетворительно
73,98,94,58,81,66,78.0,хорошо
83,99,67,97,49,97,82.0,хорошо
63,49,73,80,40,47,59.0,удовлетворительно
58,70,62,82,96,72,73.0,хорошо
57,92,64,83,42,40,63.0,удовлетворительно
60,69,90,83,82,99,80.0,хорошо
82,97,96,56,86,54,78.0,хорошо
73,65,71,75,77,89,75.0,хорошо
60,93,64,84,48,79,71.0,хорошо
40,70,95,43,96,97,74.0,хорошо
75,59,61,97,83,80,76.0,хорошо
88,69,40,55,53,93,66.0,удовлетворительно
45,48,63,55,53,68,55.0,удовлетворительно
86,75,71,56,42,40,62.0,удовлетворительно
85,69,66,93,47,52,69.0,удовлетворительно
95,56,89,57,51,42,65.0,удовлетворительно
92,75,97,72,75,58,78.0,хорошо
88,80,80,69,70,93,80.0,хорошо
53,93,45,89,92,80,75.0,хорошо
72,83,41,74,96,82,75.0,хорошо
57,53,51,72,45,64,57.0,удовлетворительно
43,47,70,90,85,56,65.0,удовлетворительно
76,75,41,58,41,63,59.0,удовлетворительно
53,51,81,73,69,75,67.0,удовлетворительно
79,69,70,43,43,86,65.0,удовлетворительно
59,90,86,73,83,45,73.0,хорошо
52,74,78,49,79,62,66.0,удовлетворительно
58,40,47,41,89,93,61.0,удовлетворительно
74,77,52,70,69,48,65.0,удовлетворительно
53,63,64,50,58,99,64.0,удовлетворительно
60,59,57,73,89,83,70.0,хорошо
67,82,73,43,77,95,73.0,хорошо
83,98,43,93,94,43,76.0,хорошо
77,85,89,82,95,78,84.0,хорошо
68,48,93,59,81,67,69.0,удовлетворительно
93,52,98,75,60,63,74.0,хорошо
55,49,68,90,72,98,72.0,хорошо
67,87,80,70,97,41,74.0,хорошо
86,92,58,62,89,45,72.0,хорошо
47,92,99,77,99,57,78.0,хорошо
48,78,42,59,65,56,58.0,удовлетворительно
60,50,57,88,47,88,65.0,удовлетворительно
40,57,75,48,54,43,53.0,удовлетворительно
43,42,63,57,52,91,58.0,удовлетворительно
58,55,65,78,98,76,72.0,хорошо
65,54,83,44,99,73,70.0,хорошо
42,47,64,97,66,66,64.0,удовлетворительно
53,81,69,52,44,78,63.0,удовлетворительно
85,94,83,78,74,76,82.0,хорошо
91,58,81,96,79,83,81.0,хорошо
49,63,45,41,80,42,53.0,удовлетворительно
86,52,53,89,95,55,72.0,хорошо
84,62,94,96,46,41,70.0,хорошо
74,63,52,57,52,58,59.0,удовлетворительно
81,59,44,89,79,90,74.0,хорошо
94,86,48,40,59,65,65.0,удовлетворительно
93,48,70,40,67,67,64.0,удовлетворительно
65,72,72,51,42,42,57.0,удовлетворительно
54,55,56,93,46,54,60.0,удовлетворительно
95,69,82,64,42,88,73.0,хорошо
66,50,85,79,48,54,64.0,удовлетворительно
76,74,56,71,95,86,76.0,хорошо
62,89,70,87,81,74,77.0,хорошо
41,61,55,73,84,91,68.0,удовлетворительно
85,52,85,56,64,47,65.0,удовлетворительно
96,57,96,44,41,41,62.0,удовлетворительно
84,54,68,66,86,43,67.0,удовлетворительно
96,76,71,88,45,78,76.0,хорошо
65,44,46,67,67,88,63.0,удовлетворительно
68,40,47,58,57,43,52.0,удовлетворительно
67,55,68,77,90,54,68.0,удовлетворительно
52,53,80,71,44,45,58.0,удовлетворительно
51,85,76,88,67,59,71.0,хорошо
94,45,64,47,59,43,59.0,удовлетворительно
86,61,97,91,86,55,79.0,хорошо
40,57,86,79,43,69,62.0,удовлетворительно
84,86,64,54,94,72,76.0,хорошо
96,99,63,97,49,88,82.0,хорошо
81,64,51,63,84,80,70.0,хорошо
76,72,42,44,56,71,60.0,удовлетворительно
93,85,99,61,81,95,86.0,отлично
48,68,78,97,55,86,72.0,хорошо
88,80,85,57,86,47,74.0,хорошо
44,88,52,44,94,58,63.0,удовлетворительно
57,49,76,59,44,87,62.0,удовлетворительно
87,77,45,86,47,46,65.0,удовлетворительно
69,51,76,73,93,79,74.0,хорошо
99,58,45,74,66,96,73.0,хорошо
66,58,90,44,43,46,58.0,удовлетворительно
88,81,42,88,57,44,67.0,удовлетворительно
62,42,61,42,61,89,60.0,удовлетворительно
60,42,52,49,77,50,55.0,удовлетворительно
53,96,92,43,58,66,68.0,удовлетворительно
42,97,89,83,82,75,78.0,хорошо
42,48,56,60,78,47,55.0,удовлетворительно
85,51,76,84,43,50,65.0,удовлетворительно
96,95,95,79,54,74,82.0,хорошо
69,81,71,95,78,47,74.0,хорошо
92,42,57,85,94,45,69.0,удовлетворительно
59,55,94,69,72,60,68.0,удовлетворительно
64,75,72,97,51,51,68.0,удовлетворительно
50,60,92,77,71,58,68.0,удовлетворительно
82,46,48,64,48,52,57.0,удовлетворительно
81,77,42,70,45,56,62.0,удовлетворительно
59,93,58,69,48,60,64.0,удовлетворительно
81,48,79,93,79,67,74.0,хорошо
92,93,54,96,60,58,76.0,хорошо
43,78,50,59,80,51,60.0,удовлетворительно
83,65,81,90,74,95,81.0,хорошо
68,70,63,60,98,85,74.0,хорошо
85,47,79,84,46,55,66.0,удовлетворительно
41,44,60,45,87,86,60.0,удовлетворительно
98,52,97,92,88,82,85.0,отлично
80,87,90,83,52,58,75.0,хорошо
57,51,98,88,61,54,68.0,удовлетворительно
45,46,77,45,69,41,54.0,удовлетворительно
70,83,62,43,73,71,67.0,удовлетворительно
91,67,97,42,68,76,74.0,хорошо
86,68,50,92,91,54,74.0,хорошо
84,86,67,98,45,61,74.0,хорошо
55,89,90,98,89,47,78.0,хорошо
91,87,67,52,98,45,73.0,хорошо
61,47,62,88,43,67,61.0,удовлетворительно
48,49,41,94,64,95,65.0,удовлетворительно
68,58,70,77,77,49,66.0,удовлетворительно
91,88,93,98,57,99,88.0,отлично
99,56,66,74,45,73,69.0,удовлетворительно
53,86,57,45,89,85,69.0,удовлетворительно
73,59,71,62,59,67,65.0,удовлетворительно
72,67,47,99,49,54,65.0,удовлетворительно
81,47,96,65,41,82,69.0,удовлетворительно
46,97,77,44,73,89,71.0,хорошо
45,67,56,64,59,62,59.0,удовлетворительно
51,92,60,93,95,79,78.0,хорошо
42,60,95,63,93,61,69.0,удовлетворительно
91,62,88,93,67,43,74.0,хорошо
92,87,66,82,88,66,80.0,хорошо
83,50,89,54,64,71,68.0,удовлетворительно
46,56,42,46,96,75,60.0,удовлетворительно
77,88,87,91,83,51,80.0,хорошо
42,80,93,76,84,46,70.0,хорошо
62,61,59,90,50,71,66.0,удовлетворительно
88,97,91,66,71,40,76.0,хорошо
55,63,90,54,91,46,66.0,удовлетворительно
44,48,95,48,88,61,64.0,удовлетворительно
76,64,93,51,41,71,66.0,удовлетворительно
47,40,74,87,77,88,69.0,удовлетворительно
67,84,54,90,41,70,68.0,удовлетворительно
44,77,65,81,44,65,63.0,удовлетворительно
82,62,61,58,89,41,66.0,удовлетворительно
77,72,47,69,63,65,66.0,удовлетворительно
46,43,68,45,76,84,60.0,удовлетворительно
88,71,81,40,86,56,70.0,хорошо
80,42,98,98,49,42,68.0,удовлетворительно
90,46,61,43,73,45,60.0,удовлетворительно
77,51,60,93,67,79,71.0,хорошо
41,97,52,65,86,78,70.0,хорошо
63,79,51,56,50,66,61.0,удовлетворительно
79,67,91,40,79,54,68.0,удовлетворительно
57,68,41,82,46,79,62.0,удовлетворительно
41,86,96,59,85,97,77.0,хорошо
51,40,55,80,77,49,59.0,удовлетворительно
54,40,74,69,81,84,67.0,удовлетворительно
71,79,60,45,40,40,56.0,удовлетворительно
43,43,48,94,40,66,56.0,удовлетворительно
54,87,74,45,66,76,67.0,удовлетворительно
47,48,50,81,90,54,62.0,удовлетворительно
45,58,88,87,46,86,68.0,удовлетворительно
65,82,72,96,54,87,76.0,хорошо
99,47,53,99,50,99,74.0,хорошо
54,67,99,54,45,50,62.0,удовлетворительно
83,47,81,66,54,47,63.0,удовлетворительно
49,51,55,54,74,81,61.0,удовлетворительно
48,98,95,73,67,61,74.0,хорошо
50,72,88,69,58,51,65.0,удовлетворительно
78,61,57,73,40,61,62.0,удовлетворительно
93,91,94,91,68,54,82.0,хорошо
86,90,91,66,92,86,85.0,отлично
74,69,57,54,54,52,60.0,удовлетворительно
94,76,41,48,94,40,66.0,удовлетворительно
40,90,77,66,58,77,68.0,удовлетворительно
57,99,45,93,46,64,67.0,удовлетворительно
64,93,83,40,64,91,72.0,хорошо
86,47,69,81,72,53,68.0,удовлетворительно
76,46,54,66,89,46,63.0,удовлетворительно
68,90,87,97,65,92,83.0,хорошо
55,86,83,71,56,84,72.0,хорошо
41,67,72,72,61,91,67.0,удовлетворительно
80,46,48,60,79,57,62.0,удовлетворительно
97,71,49,67,89,75,75.0,хорошо
73,97,70,75,68,92,79.0,хорошо
53,72,80,79,82,91,76.0,хорошо
60,43,53,81,79,50,61.0,удовлетворительно
56,55,73,85,87,45,67.0,удовлетворительно
78,76,84,69,94,49,75.0,хорошо
94,41,83,49,96,72,72.0,хорошо
74,67,69,81,76,99,78.0,хорошо
85,74,95,94,48,44,73.0,хорошо
66,99,56,60,44,96,70.0,хорошо
79,93,70,49,81,70,74.0,хорошо
90,85,59,64,97,82,80.0,хорошо
58,81,62,86,54,51,65.0,удовлетворительно
63,82,82,79,52,59,70.0,хорошо
42,89,68,69,56,80,67.0,удовлетворительно
56,97,89,60,76,95,79.0,хорошо
90,98,57,95,61,54,76.0,хорошо
70,93,90,40,56,89,73.0,хорошо
68,68,69,81,44,90,70.0,хорошо
48,63,69,40,51,75,58.0,удовлетворительно
72,69,85,45,44,76,65.0,удовлетворительно
92,57,62,45,40,79,62.0,удовлетворительно
75,60,66,93,46,47,64.0,удовлетворительно
62,86,52,56,55,54,61.0,удовлетворительно
60,87,81,47,89,85,75.0,хорошо
78,49,86,62,89,68,72.0,хорошо
88,84,41,67,54,72,68.0,удовлетворительно
68,51,63,58,49,93,64.0,удовлетворительно
92,79,75,57,66,67,73.0,хорошо
82,53,53,42,79,93,67.0,удовлетворительно
84,70,88,53,63,64,70.0,хорошо
84,84,63,80,45,58,69.0,удовлетворительно
86,52,41,64,68,42,59.0,удовлетворительно
61,60,94,53,50,87,68.0,удовлетворительно
59,46,40,53,43,96,56.0,удовлетворительно
63,52,95,48,67,44,62.0,удовлетворительно
99,84,68,96,61,53,77.0,хорошо
73,55,71,50,91,59,66.0,удовлетворительно
82,79,57,60,52,55,64.0,удовлетворительно
40,49,83,98,78,50,66.0,удовлетворительно
50,45,51,89,49,88,62.0,удовлетворительно
61,61,82,92,47,40,64.0,удовлетворительно
97,72,89,94,61,69,80.0,хорошо
70,98,97,85,52,64,78.0,хорошо
51,79,72,96,51,47,66.0,удовлетворительно
52,44,48,78,57,46,54.0,удовлетворительно
75,53,78,45,86,87,71.0,хорошо
55,80,45,50,94,94,70.0,хорошо
52,40,79,48,93,42,59.0,удовлетворительно
92,56,71,64,42,99,71.0,хорошо
88,62,63,82,80,60,72.0,хорошо
65,60,94,51,57,76,67.0,удовлетворительно
82,60,91,43,62,92,72.0,хорошо
45,55,61,78,98,88,71.0,хорошо
81,85,66,85,71,67,76.0,хорошо
79,78,70,90,43,64,71.0,хорошо
53,83,54,76,63,63,65.0,удовлетворительно
70,84,78,45,82,73,72.0,хорошо
66,47,94,57,56,79,66.0,удовлетворительно
65,41,40,59,45,81,55.0,удовлетворительно
50,42,63,77,44,63,56.0,удовлетворительно
62,66,53,91,53,61,64.0,удовлетворительно
96,55,81,98,56,58,74.0,хорошо
94,49,93,44,77,42,66.0,удовлетворительно
91,72,43,65,91,56,70.0,хорошо
61,59,68,57,65,49,60.0,удовлетворительно
52,63,56,82,68,53,62.0,удовлетворительно
52,63,52,74,66,50,60.0,удовлетворительно
46,78,96,83,97,86,81.0,хорошо
41,66,90,90,62,55,67.0,удовлетворительно
91,82,81,57,53,99,77.0,хорошо
97,62,99,63,93,60,79.0,хорошо
52,54,89,43,56,81,62.0,удовлетворительно
81,47,66,66,47,68,62.0,удовлетворительно
75,83,90,62,44,53,68.0,удовлетворительно
65,59,81,42,55,64,61.0,удовлетворительно
87,79,64,76,43,87,73.0,хорошо
86,53,85,51,63,51,65.0,удовлетворительно
48,92,95,81,80,93,82.0,хорошо
40,75,57,84,86,83,71.0,хорошо
91,72,45,89,66,42,68.0,удовлетворительно
64,82,80,62,70,81,73.0,хорошо
96,96,81,48,97,73,82.0,хорошо
53,91,67,85,79,69,74.0,хорошо
99,76,65,72,47,58,70.0,хорошо
91,85,67,45,83,82,76.0,хорошо
70,59,66,90,74,61,70.0,хорошо
69,76,55,50,79,98,71.0,хорошо
97,64,62,42,49,53,61.0,удовлетворительно
92,51,63,68,50,72,66.0,удовлетворительно
72,52,47,40,41,90,57.0,удовлетворительно
99,42,77,78,75,60,72.0,хорошо
96,84,66,40,73,42,67.0,удовлетворительно
91,43,56,91,82,40,67.0,удовлетворительно
55,95,99,67,79,53,75.0,хорошо
82,45,74,94,89,96,80.0,хорошо
85,51,86,63,94,48,71.0,хорошо
60,64,41,74,64,82,64.0,удовлетворительно
84,82,55,44,52,71,65.0,удовлетворительно
64,80,46,78,47,72,64.0,удовлетворительно
92,86,54,52,62,48,66.0,удовлетворительно
50,74,76,69,75,67,68.0,удовлетворительно
40,91,58,89,55,52,64.0,удовлетворительно
48,45,51,44,44,72,51.0,удовлетворительно
57,91,43,61,65,71,65.0,удовлетворительно
99,88,95,58,55,68,77.0,хорошо
52,47,55,55,60,93,60.0,удовлетворительно
70,48,43,61,86,53,60.0,удовлетворительно
51,88,89,40,43,89,67.0,удовлетворительно
95,96,58,40,84,83,76.0,хорошо
43,67,67,82,50,93,67.0,удовлетворительно
46,97,44,62,85,81,69.0,удовлетворительно
52,58,59,99,57,79,67.0,удовлетворительно
79,79,51,98,65,62,72.0,хорошо
93,74,98,63,60,46,72.0,хорошо
64,85,71,45,82,45,65.0,удовлетворительно
89,64,83,51,99,77,77.0,хорошо
59,87,84,62,77,41,68.0,удовлетворительно
99,42,50,41,86,67,64.0,удовлетворительно
97,68,48,84,51,67,69.0,удовлетворительно
46,67,62,62,82,84,67.0,удовлетворительно
40,87,57,77,73,92,71.0,хорошо
90,76,50,83,59,94,75.0,хорошо
67,59,42,44,95,50,60.0,удовлетворительно
94,50,62,73,86,58,70.0,хорошо
91,85,85,58,58,55,72.0,хорошо
46,79,86,65,43,65,64.0,удовлетворительно
78,50,68,64,66,73,66.0,удовлетворительно
91,49,88,93,42,92,76.0,хорошо
44,56,48,79,40,78,58.0,удовлетворительно
61,96,93,91,47,71,76.0,хорошо
67,78,65,44,76,46,63.0,удовлетворительно
99,85,96,88,80,87,89.0,отлично
69,45,40,54,58,97,60.0,удовлетворительно
57,66,87,90,57,79,73.0,хорошо
92,40,49,96,72,68,70.0,хорошо
56,72,90,52,40,89,66.0,удовлетворительно
57,45,51,91,76,71,65.0,удовлетворительно
48,61,63,95,46,60,62.0,удовлетворительно
50,54,59,67,97,72,66.0,удовлетворительно
42,59,79,78,40,42,57.0,удовлетворительно
44,52,61,69,44,95,61.0,удовлетворительно
94,67,61,92,92,99,84.0,хорошо
41,76,89,65,76,50,66.0,удовлетворительно
77,91,45,42,65,92,69.0,удовлетворительно
51,73,73,65,86,53,67.0,удовлетворительно
62,44,68,87,56,43,60.0,удовлетворительно
84,94,79,93,88,46,81.0,хорошо
48,82,56,77,60,48,62.0,удовлетворительно
48,59,44,86,58,59,59.0,удовлетворительно
67,84,69,56,83,90,75.0,хорошо
91,90,40,70,72,48,68.0,удовлетворительно
65,69,47,95,42,55,62.0,удовлетворительно
62,61,41,56,82,48,58.0,удовлетворительно
95,97,92,97,61,67,85.0,отлично
79,62,82,93,80,84,80.0,хорошо
82,79,50,69,93,41,69.0,удовлетворительно
87,75,55,84,57,59,70.0,хорошо
57,98,52,96,85,45,72.0,хорошо
60,61,71,74,54,62,64.0,удовлетворительно
99,63,97,69,64,89,80.0,хорошо
42,42,83,79,64,52,60.0,удовлетворительно
46,99,83,72,67,45,69.0,удовлетворительно
69,68,95,80,54,77,74.0,хорошо
91,81,75,69,69,61,74.0,хорошо
56,64,89,99,93,69,78.0,хорошо
74,80,94,78,57,85,78.0,хорошо
69,93,44,90,87,42,71.0,хорошо
41,69,44,90,42,76,60.0,удовлетворительно
49,52,89,99,87,67,74.0,хорошо
64,41,40,95,55,76,62.0,удовлетворительно
40,54,63,88,59,49,59.0,удовлетворительно
90,55,61,47,71,85,68.0,удовлетворительно
69,84,88,88,81,63,79.0,хорошо
46,76,97,59,75,78,72.0,хорошо
46,55,71,55,58,48,56.0,удовлетворительно
91,97,51,96,91,41,78.0,хорошо
68,91,85,99,51,46,73.0,хорошо
77,40,47,79,54,70,61.0,удовлетворительно
97,92,90,67,61,88,82.0,хорошо
97,60,71,53,98,87,78.0,хорошо
41,81,42,91,90,51,66.0,удовлетворительно
43,67,69,71,57,79,64.0,удовлетворительно
62,58,48,95,77,93,72.0,хорошо
43,82,77,83,74,88,74.0,хорошо
86,97,97,51,74,69,79.0,хорошо
79,50,94,67,72,92,76.0,хорошо
66,88,96,56,68,64,73.0,хорошо
86,93,84,56,74,56,75.0,хорошо
62,57,41,95,86,84,71.0,хорошо
98,99,61,94,65,52,78.0,хорошо
68,99,68,52,59,67,69.0,удовлетворительно
59,44,54,89,94,52,65.0,удовлетворительно
66,97,91,85,48,73,77.0,хорошо
43,87,91,69,75,60,71.0,хорошо
63,67,41,89,40,96,66.0,удовлетворительно
60,83,84,57,59,43,64.0,удовлетворительно
46,98,49,45,85,41,61.0,удовлетворительно
47,67,57,94,47,52,61.0,удовлетворительно
88,83,51,69,53,68,69.0,удовлетворительно
42,40,53,67,92,64,60.0,удовлетворительно
79,65,57,72,62,57,65.0,удовлетворительно
43,57,57,91,68,41,60.0,удовлетворительно
82,91,45,62,95,56,72.0,хорошо
82,75,68,48,51,46,62.0,удовлетворительно
98,40,96,59,86,91,78.0,хорошо
92,85,52,76,85,88,80.0,хорошо
64,88,90,67,48,83,73.0,хорошо
48,49,85,43,47,58,55.0,удовлетворительно
47,93,47,92,90,79,75.0,хорошо
93,75,45,96,40,63,69.0,удовлетворительно
76,56,41,54,76,70,62.0,удовлетворительно
93,49,51,47,49,80,62.0,удовлетворительно
79,46,57,47,87,67,64.0,удовлетворительно
97,45,63,72,48,93,70.0,хорошо
86,83,40,72,49,65,66.0,удовлетворительно
74,93,83,50,73,91,77.0,хорошо
89,49,88,61,76,68,72.0,хорошо
53,91,58,80,76,76,72.0,хорошо
78,80,50,90,43,59,67.0,удовлетворительно
97,81,89,81,92,95,89.0,отлично
70,97,66,58,90,77,76.0,хорошо
91,58,55,98,78,96,79.0,хорошо
81,60,44,45,89,86,68.0,удовлетворительно
45,70,94,51,92,66,70.0,хорошо
98,86,78,99,94,65,87.0,отлично
90,65,80,92,62,63,75.0,хорошо
89,93,58,77,81,60,76.0,хорошо
47,99,47,96,42,79,68.0,удовлетворительно
47,89,47,54,95,65,66.0,удовлетворительно
84,77,55,96,86,95,82.0,хорошо
65,50,71,81,51,96,69.0,удовлетворительно
98,75,64,68,73,94,79.0,хорошо
88,62,98,45,47,81,70.0,хорошо
47,92,62,40,62,65,61.0,удовлетворительно
90,85,90,72,59,77,79.0,хорошо
75,54,71,59,58,70,64.0,удовлетворительно
60,97,54,97,78,88,79.0,хорошо
76,43,44,69,89,40,60.0,удовлетворительно
64,68,46,44,57,66,58.0,удовлетворительно
97,91,88,99,98,60,89.0,отлично
70,86,80,87,82,67,79.0,хорошо
61,94,74,75,55,48,68.0,удовлетворительно
82,45,76,83,73,90,75.0,хорошо
67,47,97,95,86,85,80.0,хорошо
72,66,95,50,74,50,68.0,удовлетворительно
93,53,51,56,78,47,63.0,удовлетворительно
50,95,43,56,80,99,70.0,хорошо
64,57,49,61,71,71,62.0,удовлетворительно
80,64,88,67,92,98,82.0,хорошо
42,42,58,56,86,93,63.0,удовлетворительно
93,99,59,57,86,49,74.0,хорошо
62,60,83,70,94,77,74.0,хорошо
91,84,65,73,83,42,73.0,хорошо
40,73,55,84,52,47,58.0,удовлетворительно
71,74,47,53,45,96,64.0,удовлетворительно
41,40,77,58,58,54,55.0,удовлетворительно
57,70,60,57,76,91,68.0,удовлетворительно
66,85,50,73,51,87,69.0,удовлетворительно
57,81,50,91,63,69,68.0,удовлетворительно
78,70,84,72,90,64,76.0,хорошо
99,92,55,71,84,97,83.0,хорошо
86,84,71,52,71,78,74.0,хорошо
68,98,93,83,85,53,80.0,хорошо
89,89,78,75,49,45,71.0,хорошо
97,99,78,99,85,47,84.0,хорошо
70,83,48,94,85,42,70.0,хорошо
65,40,73,87,91,77,72.0,хорошо
76,44,99,67,60,92,73.0,хорошо
76,85,96,52,46,87,74.0,хорошо
77,77,87,94,89,80,84.0,хорошо
65,59,72,45,80,46,61.0,удовлетворительно
60,58,69,40,95,79,67.0,удовлетворительно
70,43,88,99,51,63,69.0,удовлетворительно
80,63,91,56,56,86,72.0,хорошо
98,41,96,45,92,58,72.0,хорошо
95,73,95,67,46,44,70.0,хорошо
43,47,94,98,73,48,67.0,удовлетворительно
94,87,82,88,70,89,85.0,отлично
65,42,75,40,95,95,69.0,удовлетворительно
50,44,55,96,73,92,68.0,удовлетворительно
47,57,50,88,43,85,62.0,удовлетворительно
70,47,53,75,72,48,61.0,удовлетворительно
88,62,99,40,48,41,63.0,удовлетворительно
96,64,59,73,44,84,70.0,хорошо
96,93,48,80,92,82,82.0,хорошо
42,63,90,99,63,82,73.0,хорошо
93,61,77,60,91,40,70.0,хорошо
70,93,57,69,78,59,71.0,хорошо
40,78,43,89,97,88,72.0,хорошо
59,78,64,82,55,95,72.0,хорошо
57,50,54,44,96,56,60.0,удовлетворительно
50,93,78,72,89,55,73.0,хорошо
55,86,53,52,52,81,63.0,удовлетворительно
85,68,73,80,45,67,70.0,хорошо
87,59,69,91,92,73,78.0,хорошо
87,64,43,55,69,91,68.0,удовлетворительно
43,71,97,89,68,81,75.0,хорошо
83,80,62,95,73,92,81.0,хорошо
97,47,72,67,47,91,70.0,хорошо
57,53,80,58,75,81,67.0,удовлетворительно
79,79,42,42,55,86,64.0,удовлетворительно
88,81,56,83,65,69,74.0,хорошо
41,40,73,72,79,48,59.0,удовлетворительно
67,77,56,87,82,72,74.0,хорошо
44,90,43,67,97,56,66.0,удовлетворительно
53,89,44,55,50,58,58.0,удовлетворительно
91,43,82,52,59,84,68.0,удовлетворительно
41,63,78,61,98,78,70.0,хорошо
96,47,65,58,63,66,66.0,удовлетворительно
50,88,84,99,65,58,74.0,хорошо
71,46,49,61,91,42,60.0,удовлетворительно
54,49,65,44,96,50,60.0,удовлетворительно
48,51,49,70,83,82,64.0,удовлетворительно
77,41,98,86,62,87,75.0,хорошо
60,67,75,83,41,48,62.0,удовлетворительно
61,67,89,67,61,49,66.0,удовлетворительно
51,95,62,74,62,98,74.0,хорошо
59,93,48,98,42,79,70.0,хорошо
58,77,82,76,99,80,79.0,хорошо
74,91,65,53,80,83,74.0,хорошо
86,88,70,86,67,84,80.0,хорошо
84,52,45,48,62,64,59.0,удовлетворительно
88,61,99,87,69,49,76.0,хорошо
40,64,76,59,95,63,66.0,удовлетворительно
99,63,59,87,44,49,67.0,удовлетворительно
52,45,44,70,66,58,56.0,удовлетворительно
89,89,78,88,46,51,74.0,хорошо
44,88,79,79,95,69,76.0,хорошо
98,85,40,66,48,89,71.0,хорошо
74,52,61,59,40,88,62.0,удовлетворительно
58,82,43,62,94,44,64.0,удовлетворительно
46,88,46,83,65,89,70.0,хорошо
68,69,74,54,92,53,68.0,удовлетворительно
57,54,63,92,52,96,69.0,удовлетворительно
84,69,46,85,58,46,65.0,удовлетворительно
78,50,86,66,59,84,70.0,хорошо
88,74,55,47,43,75,64.0,удовлетворительно
71,53,93,87,65,53,70.0,хорошо
75,72,76,63,99,65,75.0,хорошо
95,53,42,82,80,64,69.0,удовлетворительно
51,55,55,62,42,65,55.0,удовлетворительно
77,53,93,46,66,76,68.0,удовлетворительно
91,86,41,71,53,49,65.0,удовлетворительно
86,74,76,93,97,48,79.0,хорошо
54,71,84,90,65,58,70.0,хорошо
43,64,42,90,70,51,60.0,удовлетворительно
42,54,89,85,62,73,68.0,удовлетворительно
61,60,73,82,48,54,63.0,удовлетворительно
54,79,91,52,46,83,68.0,удовлетворительно
66,89,78,54,59,62,68.0,удовлетворительно
53,64,89,75,51,72,67.0,удовлетворительно
65,47,73,43,40,58,54.0,удовлетворительно
78,79,80,81,43,54,69.0,удовлетворительно
98,88,94,87,40,71,80.0,хорошо
79,94,51,89,52,56,70.0,хорошо
41,78,92,73,41,62,64.0,удовлетворительно
75,67,53,67,57,72,65.0,удовлетворительно
40,94,82,84,76,90,78.0,хорошо
94,65,43,61,93,87,74.0,хорошо
64,95,72,80,82,61,76.0,хорошо
48,41,65,65,81,64,61.0,удовлетворительно
64,63,58,62,60,59,61.0,удовлетворительно
72,58,73,97,40,68,68.0,удовлетворительно
87,81,80,75,64,54,74.0,хорошо
99,94,98,58,51,55,76.0,хорошо
51,90,71,48,60,51,62.0,удовлетворительно
44,65,84,68,47,80,65.0,удовлетворительно
61,54,97,76,45,75,68.0,удовлетворительно
70,91,48,40,54,50,59.0,удовлетворительно
41,43,68,59,59,55,54.0,удовлетворительно
73,76,45,46,48,42,55.0,удовлетворительно
83,44,62,56,89,54,65.0,удовлетворительно
67,68,71,71,44,50,62.0,удовлетворительно
46,81,67,92,58,45,65.0,удовлетворительно
93,72,87,54,79,84,78.0,хорошо
45,82,95,44,42,51,60.0,удовлетворительно
68,53,67,92,51,75,68.0,удовлетворительно
67,69,71,67,84,90,75.0,хорошо
77,57,93,85,91,66,78.0,хорошо
97,85,60,48,62,67,70.0,хорошо
87,54,85,56,77,66,71.0,хорошо
94,79,93,81,58,53,76.0,хорошо
86,48,52,43,61,53,57.0,удовлетворительно
91,82,49,52,70,42,64.0,удовлетворительно
88,40,69,56,89,73,69.0,удовлетворительно
86,83,92,44,40,63,68.0,удовлетворительно
62,80,95,57,52,77,70.0,хорошо
67,84,66,50,75,97,73.0,хорошо
90,95,94,43,72,89,80.0,хорошо
56,77,96,94,63,60,74.0,хорошо
44,42,83,78,58,60,61.0,удовлетворительно
96,95,73,95,74,64,83.0,хорошо
95,87,85,83,87,80,86.0,отлично
51,72,96,68,82,49,70.0,хорошо
68,52,79,80,50,85,69.0,удовлетворительно
55,47,79,42,91,73,64.0,удовлетворительно
99,68,75,46,56,89,72.0,хорошо
68,64,81,40,63,92,68.0,удовлетворительно
46,52,55,83,48,84,61.0,удовлетворительно
57,84,71,75,53,65,68.0,удовлетворительно
41,56,53,69,94,50,60.0,удовлетворительно
42,95,40,76,95,95,74.0,хорошо
87,84,46,74,91,83,78.0,хорошо
65,78,66,68,70,45,65.0,удовлетворительно
69,70,79,52,80,87,73.0,хорошо
91,87,72,88,67,76,80.0,хорошо
72,49,44,79,96,81,70.0,хорошо
75,86,71,86,80,87,81.0,хорошо
50,91,58,75,68,93,72.0,хорошо
91,68,97,48,70,99,79.0,хорошо
83,58,68,51,60,44,61.0,удовлетворительно
79,43,71,98,62,40,66.0,удовлетворительно
67,50,67,40,85,52,60.0,удовлетворительно
71,61,51,48,93,87,68.0,удовлетворительно
62,75,84,82,77,72,75.0,хорошо
44,93,44,49,44,46,53.0,удовлетворительно
81,55,85,71,74,98,77.0,хорошо
64,80,74,86,72,58,72.0,хорошо
65,64,96,63,69,89,74.0,хорошо
74,67,75,80,45,45,64.0,удовлетворительно
41,99,55,97,57,71,70.0,хорошо
80,71,68,88,51,90,75.0,хорошо
65,52,45,98,93,75,71.0,хорошо
76,55,58,84,48,49,62.0,удовлетворительно
73,80,68,73,63,60,70.0,хорошо
49,84,87,45,86,41,65.0,удовлетворительно
56,43,72,64,62,92,65.0,удовлетворительно
47,53,42,41,90,54,54.0,удовлетворительно
59,87,83,58,74,74,72.0,хорошо
43,45,71,59,60,74,59.0,удовлетворительно
93,98,86,89,84,47,83.0,хорошо
68,98,67,59,43,42,63.0,удовлетворительно
59,99,92,87,56,70,77.0,хорошо
96,60,67,61,75,89,75.0,хорошо
96,74,50,45,71,55,65.0,удовлетворительно
52,52,80,73,58,42,60.0,удовлетворительно
89,94,55,85,59,93,79.0,хорошо
43,43,49,90,66,82,62.0,удовлетворительно
54,76,46,61,48,56,57.0,удовлетворительно
64,83,54,51,93,83,71.0,хорошо
62,80,85,77,92,78,79.0,хорошо
73,91,57,92,80,59,75.0,хорошо
54,60,75,54,63,73,63.0,удовлетворительно
71,51,49,46,50,88,59.0,удовлетворительно
88,77,85,47,80,71,75.0,хорошо
56,82,94,76,85,69,77.0,хорошо
90,77,80,41,53,57,66.0,удовлетворительно
73,57,59,81,71,89,72.0,хорошо
47,63,85,60,57,49,60.0,удовлетворительно
72,50,42,75,44,47,55.0,удовлетворительно
57,53,88,92,55,52,66.0,удовлетворительно
61,66,40,84,69,96,69.0,удовлетворительно
98,49,44,85,75,49,67.0,удовлетворительно
59,56,71,65,70,74,66.0,удовлетворительно
67,80,52,60,63,86,68.0,удовлетворительно
69,95,95,75,70,79,80.0,хорошо
59,44,48,69,77,83,63.0,удовлетворительно
97,91,64,84,96,97,88.0,отлично
51,91,50,75,58,69,66.0,удовлетворительно
42,72,70,81,62,53,63.0,удовлетворительно
76,53,77,52,44,68,62.0,удовлетворительно
73,73,67,92,80,92,80.0,хорошо
54,44,92,76,80,40,64.0,удовлетворительно
70,48,87,49,69,98,70.0,хорошо
87,43,68,79,56,54,64.0,удовлетворительно
98,76,52,70,89,50,72.0,хорошо
65,45,58,78,90,82,70.0,хорошо
69,49,79,97,57,53,67.0,удовлетворительно
84,51,51,41,44,41,52.0,удовлетворительно
72,65,93,40,44,99,69.0,удовлетворительно
55,94,61,99,51,52,69.0,удовлетворительно
46,66,69,47,70,46,57.0,удовлетворительно
93,86,93,67,89,96,87.0,отлично
48,57,90,49,88,51,64.0,удовлетворительно
68,86,57,41,56,93,67.0,удовлетворительно
80,69,67,75,46,53,65.0,удовлетворительно
52,95,44,67,85,81,71.0,хорошо
59,96,73,97,82,58,78.0,хорошо
90,80,65,66,92,61,76.0,хорошо
95,87,44,99,42,96,77.0,хорошо
45,74,71,42,46,59,56.0,удовлетворительно
78,89,62,91,48,42,68.0,удовлетворительно
82,86,49,89,98,63,78.0,хорошо
64,80,90,53,65,40,65.0,удовлетворительно
60,79,76,84,92,50,74.0,хорошо
70,48,52,81,69,76,66.0,удовлетворительно
60,88,47,51,56,80,64.0,удовлетворительно
70,83,94,52,97,70,78.0,хорошо
52,43,76,50,50,45,53.0,удовлетворительно
72,55,41,72,58,50,58.0,удовлетворительно
60,80,87,51,56,84,70.0,хорошо
48,63,51,52,52,77,57.0,удовлетворительно
52,89,48,48,87,78,67.0,удовлетворительно
41,44,84,50,48,57,54.0,удовлетворительно
76,65,67,76,62,63,68.0,удовлетворительно
41,87,96,86,52,87,75.0,хорошо
63,94,90,68,64,49,71.0,хорошо
52,87,83,64,99,65,75.0,хорошо
47,40,77,57,83,93,66.0,удовлетворительно
95,41,61,71,56,88,69.0,удовлетворительно
72,79,50,61,90,72,71.0,хорошо
88,51,63,76,68,63,68.0,удовлетворительно
98,54,69,95,48,63,71.0,хорошо
70,68,79,78,87,49,72.0,хорошо
88,91,85,85,57,88,82.0,хорошо
71,49,75,73,75,72,69.0,удовлетворительно
95,46,94,74,61,71,74.0,хорошо
48,68,72,73,82,54,66.0,удовлетворительно
54,61,69,76,67,94,70.0,хорошо
43,44,41,89,72,92,64.0,удовлетворительно
77,82,81,74,57,69,73.0,хорошо
58,62,97,65,66,91,73.0,хорошо
41,91,89,64,95,61,74.0,хорошо
86,96,43,61,63,89,73.0,хорошо
55,81,88,67,73,85,75.0,хорошо
78,95,53,82,85,62,76.0,хорошо
69,89,53,55,63,90,70.0,хорошо
87,52,51,45,62,89,64.0,удовлетворительно
74,42,40,95,69,86,68.0,удовлетворительно
81,53,50,54,42,88,61.0,удовлетворительно
74,89,72,65,51,79,72.0,хорошо
45,44,82,66,45,64,58.0,удовлетворительно
84,81,49,49,62,75,67.0,удовлетворительно
61,83,65,58,66,97,72.0,хорошо
46,40,67,62,63,60,56.0,удовлетворительно
55,43,61,51,82,89,64.0,удовлетворительно
52,42,93,51,74,75,64.0,удовлетворительно
86,57,99,75,77,80,79.0,хорошо
76,92,67,55,90,48,71.0,хорошо
79,68,70,42,61,83,67.0,удовлетворительно
42,91,98,93,82,99,84.0,хорошо
76,82,52,62,79,56,68.0,удовлетворительно
70,52,46,59,79,91,66.0,удовлетворительно
41,61,58,59,44,54,53.0,удовлетворительно
96,71,75,97,61,90,82.0,хорошо
50,84,92,49,45,96,69.0,удовлетворительно
67,89,85,77,51,97,78.0,хорошо
99,97,44,75,51,98,77.0,хорошо
96,99,46,82,48,54,71.0,хорошо
82,80,75,62,45,64,68.0,удовлетворительно
54,81,60,83,80,94,75.0,хорошо
58,68,43,64,62,44,56.0,удовлетворительно
99,64,46,74,76,55,69.0,удовлетворительно
57,87,64,83,68,91,75.0,хорошо
56,70,86,88,66,90,76.0,хорошо
86,66,99,74,80,69,79.0,хорошо
74,73,67,97,91,73,79.0,хорошо
61,51,74,80,81,46,66.0,удовлетворительно
94,96,71,97,45,51,76.0,хорошо
78,89,56,85,95,62,78.0,хорошо
72,92,44,94,77,77,76.0,хорошо
44,52,83,65,65,64,62.0,удовлетворительно
50,96,81,86,54,42,68.0,удовлетворительно
58,87,59,67,85,56,69.0,удовлетворительно
53,48,81,62,61,98,67.0,удовлетворительно
66,95,75,45,43,53,63.0,удовлетворительно
61,89,76,63,85,42,69.0,удовлетворительно
99,89,52,40,68,55,67.0,удовлетворительно
69,95,76,72,84,43,73.0,хорошо
70,48,53,72,51,53,58.0,удовлетворительно
64,45,62,52,40,52,52.0,удовлетворительно
97,79,75,87,59,82,80.0,хорошо
78,93,52,98,49,59,72.0,хорошо
62,95,97,61,72,44,72.0,хорошо
71,47,70,70,77,48,64.0,удовлетворительно
78,43,61,71,97,97,74.0,хорошо
47,58,53,57,51,97,60.0,удовлетворительно
64,94,56,45,53,76,65.0,удовлетворительно
63,64,41,95,93,83,73.0,хорошо
77,99,91,92,96,63,86.0,отлично
95,59,76,75,82,45,72.0,хорошо
51,87,83,74,46,42,64.0,удовлетворительно
73,77,55,91,70,91,76.0,хорошо
61,46,66,57,50,45,54.0,удовлетворительно
99,69,46,52,44,66,63.0,удовлетворительно
67,64,45,47,69,62,59.0,удовлетворительно
83,93,97,82,52,97,84.0,хорошо
93,42,61,61,78,89,71.0,хорошо
99,69,59,63,66,80,73.0,хорошо
44,89,82,50,45,68,63.0,удовлетворительно
76,67,70,52,71,67,67.0,удовлетворительно
84,62,75,73,54,83,72.0,хорошо
45,92,54,85,47,95,70.0,хорошо
63,71,90,75,62,79,73.0,хорошо
61,73,77,42,43,95,65.0,удовлетворительно
89,97,93,77,54,97,84.0,хорошо
52,72,55,54,50,45,55.0,удовлетворительно
89,97,50,81,57,82,76.0,хорошо
80,89,96,53,76,77,78.0,хорошо
97,59,89,97,75,41,76.0,хорошо
56,81,84,84,75,73,76.0,хорошо
65,99,86,82,71,69,79.0,хорошо
52,95,64,66,67,44,65.0,удовлетворительно
55,88,60,79,41,99,70.0,хорошо
91,82,43,46,50,74,64.0,удовлетворительно
70,58,53,54,54,41,55.0,удовлетворительно
42,75,56,86,51,77,64.0,удовлетворительно
51,76,71,70,94,95,76.0,хорошо
94,94,83,96,95,58,87.0,отлично
53,88,93,91,95,49,78.0,хорошо
69,90,76,85,81,87,81.0,хорошо
96,67,41,53,52,44,59.0,удовлетворительно
92,81,42,61,96,91,77.0,хорошо
68,81,86,67,40,50,65.0,удовлетворительно
52,49,67,69,81,49,61.0,удовлетворительно
69,43,74,72,79,70,68.0,удовлетворительно
61,68,45,93,78,47,65.0,удовлетворительно
44,60,89,63,65,94,69.0,удовлетворительно
75,90,96,96,77,43,80.0,хорошо
56,69,62,45,57,92,64.0,удовлетворительно
96,86,45,44,89,66,71.0,хорошо
42,93,87,78,40,47,64.0,удовлетворительно
69,98,84,63,41,80,72.0,хорошо
84,80,94,66,46,59,72.0,хорошо
58,47,49,96,54,79,64.0,удовлетворительно
62,42,82,55,76,62,63.0,удовлетворительно
84,68,90,93,92,94,87.0,отлично
64,51,49,99,47,56,61.0,удовлетворительно
69,46,66,73,71,90,69.0,удовлетворительно
81,41,93,76,66,51,68.0,удовлетворительно
81,73,51,64,95,77,74.0,хорошо
51,52,56,82,61,58,60.0,удовлетворительно
83,99,85,78,50,48,74.0,хорошо
92,69,50,79,81,62,72.0,хорошо
82,76,40,89,87,91,78.0,хорошо
49,76,68,51,47,88,63.0,удовлетворительно
48,62,65,72,53,76,63.0,удовлетворительно
76,55,80,40,74,91,69.0,удовлетворительно
46,84,98,90,95,56,78.0,хорошо
61,82,79,63,97,54,73.0,хорошо
68,57,90,84,90,45,72.0,хорошо
92,69,47,99,81,58,74.0,хорошо
80,51,46,98,56,98,72.0,хорошо
78,71,64,51,72,46,64.0,удовлетворительно
60,72,98,57,93,43,70.0,хорошо
86,89,47,66,85,80,76.0,хорошо
70,71,69,40,75,98,70.0,хорошо
71,76,94,97,57,65,77.0,хорошо
45,45,96,58,59,51,59.0,удовлетворительно
57,57,57,66,57,76,62.0,удовлетворительно
50,76,93,58,72,55,67.0,удовлетворительно
72,61,45,90,80,80,71.0,хорошо
71,53,58,80,85,96,74.0,хорошо
81,79,64,90,56,48,70.0,хорошо
65,60,61,96,52,41,62.0,удовлетворительно
97,40,70,86,99,84,79.0,хорошо
91,83,49,50,69,61,67.0,удовлетворительно
81,86,47,50,47,61,62.0,удовлетворительно
53,56,53,68,88,98,69.0,удовлетворительно
81,60,83,89,40,81,72.0,хорошо
91,73,64,97,78,81,81.0,хорошо
90,74,80,93,77,54,78.0,хорошо
76,57,48,58,94,92,71.0,хорошо
53,85,85,40,98,83,74.0,хорошо
95,86,72,47,86,50,73.0,хорошо
45,52,71,80,83,90,70.0,хорошо
45,92,69,62,75,96,73.0,хорошо
49,43,49,71,44,54,52.0,удовлетворительно
80,72,60,58,98,83,75.0,хорошо
96,99,70,97,85,69,86.0,отлично
40,58,42,42,45,83,52.0,удовлетворительно
46,41,95,68,87,98,72.0,хорошо
97,51,53,62,54,46,60.0,удовлетворительно
87,92,98,96,95,94,94.0,отлично
67,68,47,88,76,61,68.0,удовлетворительно
51,68,50,71,45,88,62.0,удовлетворительно
87,63,87,76,68,80,77.0,хорошо
98,78,77,81,75,44,76.0,хорошо
54,44,46,71,54,68,56.0,удовлетворительно
95,65,74,92,66,73,78.0,хорошо
57,57,79,57,76,79,68.0,удовлетворительно
80,54,45,94,52,63,65.0,удовлетворительно
54,51,40,93,80,75,66.0,удовлетворительно
59,54,56,68,81,80,66.0,удовлетворительно
41,80,69,79,48,71,65.0,удовлетворительно
86,77,53,89,51,48,67.0,удовлетворительно
81,93,76,45,69,81,74.0,хорошо
69,88,95,98,99,69,86.0,отлично
83,45,53,68,97,70,69.0,удовлетворительно
48,70,77,65,77,97,72.0,хорошо
40,89,50,81,69,99,71.0,хорошо
70,90,43,86,70,59,70.0,хорошо
72,93,50,53,56,56,63.0,удовлетворительно
99,76,89,91,95,62,85.0,отлично
53,75,93,93,94,94,84.0,хорошо
78,63,80,45,40,51,60.0,удовлетворительно
55,58,75,53,54,93,65.0,удовлетворительно
61,83,90,61,70,44,68.0,удовлетворительно
91,92,79,45,56,89,75.0,хорошо
43,58,57,92,78,41,62.0,удовлетворительно
88,59,80,81,40,53,67.0,удовлетворительно
84,81,57,49,82,59,69.0,удовлетворительно
61,94,70,75,90,71,77.0,хорошо
98,90,57,67,89,99,83.0,хорошо
90,78,42,46,89,54,66.0,удовлетворительно
74,91,84,85,87,57,80.0,хорошо
59,59,88,96,62,43,68.0,удовлетворительно
76,56,44,45,46,58,54.0,удовлетворительно
43,72,42,76,48,83,61.0,удовлетворительно
46,67,87,49,48,83,63.0,удовлетворительно
70,62,56,93,63,72,69.0,удовлетворительно
83,68,85,48,41,89,69.0,удовлетворительно
98,72,67,48,54,71,68.0,удовлетворительно
59,84,53,43,56,44,56.0,удовлетворительно
86,54,93,90,67,41,72.0,хорошо
62,53,42,84,73,66,63.0,удовлетворительно
82,74,87,95,79,93,85.0,отлично
74,50,84,72,79,63,70.0,хорошо
68,45,89,76,78,79,72.0,хорошо
80,59,58,52,76,46,62.0,удовлетворительно
77,66,59,98,60,98,76.0,хорошо
95,43,80,41,92,85,73.0,хорошо
71,56,70,50,80,59,64.0,удовлетворительно
67,66,80,95,80,64,75.0,хорошо
83,62,53,66,45,68,63.0,удовлетворительно
78,69,46,96,81,67,73.0,хорошо
79,70,46,75,84,77,72.0,хорошо
58,46,73,44,62,88,62.0,удовлетворительно
68,55,62,59,78,79,67.0,удовлетворительно
86,85,70,46,90,68,74.0,хорошо
46,83,78,76,45,69,66.0,удовлетворительно
45,45,43,90,58,46,54.0,удовлетворительно
44,62,78,71,48,89,65.0,удовлетворительно
75,88,82,80,68,77,78.0,хорошо
76,62,56,95,90,40,70.0,хорошо
66,80,49,89,41,58,64.0,удовлетворительно
95,51,69,68,82,93,76.0,хорошо
88,50,70,78,66,74,71.0,хорошо
93,74,73,79,84,71,79.0,хорошо
72,86,59,75,95,91,80.0,хорошо
65,74,74,98,89,77,80.0,хорошо
78,84,48,53,42,59,61.0,удовлетворительно
44,77,55,80,42,56,59.0,удовлетворительно
91,83,91,97,91,72,88.0,отлично
93,58,46,52,44,77,62.0,удовлетворительно
56,83,63,89,89,64,74.0,хорошо
91,72,59,56,86,53,70.0,хорошо
44,59,77,93,80,86,73.0,хорошо
74,55,90,99,98,82,83.0,хорошо
51,65,77,85,65,50,66.0,удовлетворительно
85,44,92,71,69,48,68.0,удовлетворительно
50,46,90,85,74,73,70.0,хорошо
99,45,42,76,76,95,72.0,хорошо
78,54,95,62,63,90,74.0,хорошо
46,47,49,59,61,97,60.0,удовлетворительно
98,46,69,68,51,93,71.0,хорошо
43,66,45,93,62,81,65.0,удовлетворительно
43,82,52,57,42,75,58.0,удовлетворительно
61,63,45,81,72,83,68.0,удовлетворительно
44,78,69,74,63,98,71.0,хорошо
67,73,75,54,57,61,64.0,удовлетворительно
79,59,93,72,47,73,70.0,хорошо
94,59,92,54,85,93,80.0,хорошо
83,62,56,54,91,70,69.0,удовлетворительно
69,56,43,84,51,41,57.0,удовлетворительно
89,53,59,68,85,87,74.0,хорошо
77,92,59,94,65,64,75.0,хорошо
75,47,95,67,55,71,68.0,удовлетворительно
43,80,87,98,79,80,78.0,хорошо
67,58,70,72,51,48,61.0,удовлетворительно
42,78,77,87,75,80,73.0,хорошо
42,97,74,65,87,42,68.0,удовлетворительно
54,82,67,79,46,75,67.0,удовлетворительно
52,79,59,80,90,76,73.0,хорошо
80,54,73,91,95,69,77.0,хорошо
90,55,52,56,54,65,62.0,удовлетворительно
47,53,83,90,66,41,63.0,удовлетворительно
43,64,72,79,55,40,59.0,удовлетворительно
53,41,51,84,65,76,62.0,удовлетворительно
71,93,49,88,79,52,72.0,хорошо
67,46,98,81,57,94,74.0,хорошо
83,46,47,81,66,82,68.0,удовлетворительно
97,44,79,42,92,82,73.0,хорошо
58,50,47,47,78,81,60.0,удовлетворительно
76,76,72,67,60,53,67.0,удовлетворительно
51,76,97,93,91,83,82.0,хорошо
68,76,66,73,44,69,66.0,удовлетворительно
67,45,55,90,59,68,64.0,удовлетворительно
94,65,82,43,73,76,72.0,хорошо
75,63,89,60,58,72,70.0,хорошо
75,80,84,61,76,95,78.0,хорошо
93,75,59,41,75,79,70.0,хорошо
63,49,72,60,92,41,63.0,удовлетворительно
76,70,46,56,91,60,66.0,удовлетворительно
58,47,86,41,86,54,62.0,удовлетворительно
93,87,84,45,72,57,73.0,хорошо
90,45,44,53,54,92,63.0,удовлетворительно
42,75,94,52,46,43,59.0,удовлетворительно
81,47,85,57,92,94,76.0,хорошо
41,78,85,71,73,68,69.0,удовлетворительно
78,67,87,67,48,98,74.0,хорошо
77,94,82,45,78,84,77.0,хорошо
97,50,43,80,87,44,67.0,удовлетворительно
79,51,79,53,48,45,59.0,удовлетворительно
76,77,68,97,49,99,78.0,хорошо
57,68,99,48,80,68,70.0,хорошо
84,53,56,66,42,63,61.0,удовлетворительно
54,44,55,77,44,46,53.0,удовлетворительно
88,54,94,52,95,85,78.0,хорошо
75,76,44,62,99,58,69.0,удовлетворительно
58,75,44,63,44,40,54.0,удовлетворительно
97,77,67,84,60,58,74.0,хорошо
57,86,98,57,78,86,77.0,хорошо
94,63,48,65,89,96,76.0,хорошо
74,60,68,65,90,71,71.0,хорошо
74,99,48,69,57,75,70.0,хорошо
95,61,91,67,96,72,80.0,хорошо
81,84,56,73,94,73,77.0,хорошо
54,89,97,89,57,95,80.0,хорошо
60,48,50,44,79,98,63.0,удовлетворительно
74,51,67,73,84,54,67.0,удовлетворительно
81,67,59,46,77,55,64.0,удовлетворительно
88,45,91,74,54,70,70.0,хорошо
46,55,85,40,49,69,57.0,удовлетворительно
63,56,70,64,74,91,70.0,хорошо
68,64,68,46,48,96,65.0,удовлетворительно
45,50,94,71,40,88,65.0,удовлетворительно
89,60,75,98,60,87,78.0,хорошо
97,57,68,46,43,58,62.0,удовлетворительно
99,75,78,52,86,68,76.0,хорошо
78,99,68,72,56,92,78.0,хорошо
91,48,62,64,43,75,64.0,удовлетворительно
56,68,90,40,97,73,71.0,хорошо
61,74,67,64,98,82,74.0,хорошо
71,94,96,93,65,92,85.0,отлично
57,58,73,57,54,86,64.0,удовлетворительно
85,49,55,48,51,95,64.0,удовлетворительно
71,48,67,74,66,98,71.0,хорошо
64,99,48,72,63,84,72.0,хорошо
44,77,97,73,57,95,74.0,хорошо
92,41,47,65,89,86,70.0,хорошо
41,46,84,48,49,80,58.0,удовлетворительно
91,88,50,56,45,74,67.0,удовлетворительно
93,46,60,99,95,50,74.0,хорошо
56,82,45,83,98,85,75.0,хорошо
56,74,41,98,86,43,66.0,удовлетворительно
59,98,92,85,77,87,83.0,хорошо
74,81,96,84,97,43,79.0,хорошо
54,94,48,45,70,41,59.0,удовлетворительно
46,47,53,83,91,72,65.0,удовлетворительно
71,50,78,75,42,78,66.0,удовлетворительно
82,69,98,78,85,66,80.0,хорошо
78,88,86,60,58,67,73.0,хорошо
82,79,93,68,91,43,76.0,хорошо
51,52,97,65,54,48,61.0,удовлетворительно
40,85,72,41,47,48,56.0,удовлетворительно
88,58,74,74,72,92,76.0,хорошо
64,42,60,95,99,97,76.0,хорошо
90,42,47,54,66,41,57.0,удовлетворительно
56,43,74,94,91,91,75.0,хорошо
45,92,83,47,73,51,65.0,удовлетворительно
68,62,65,97,90,96,80.0,хорошо
81,74,85,81,71,61,76.0,хорошо
88,69,81,80,75,86,80.0,хорошо
46,83,55,53,75,77,65.0,удовлетворительно
42,54,72,94,93,98,76.0,хорошо
72,52,41,89,87,99,73.0,хорошо
85,55,68,63,53,76,67.0,удовлетворительно
82,94,91,85,42,75,78.0,хорошо
79,57,45,98,85,95,76.0,хорошо
73,69,68,62,50,99,70.0,хорошо
56,97,41,70,41,84,65.0,удовлетворительно
95,91,59,74,70,69,76.0,хорошо
69,44,54,89,95,93,74.0,хорошо
56,63,68,83,70,90,72.0,хорошо
86,50,87,46,94,43,68.0,удовлетворительно
61,44,54,97,77,87,70.0,хорошо
94,55,99,42,58,65,69.0,удовлетворительно
88,62,63,56,53,44,61.0,удовлетворительно
73,52,97,62,92,80,76.0,хорошо
98,73,50,86,49,45,67.0,удовлетворительно
78,84,42,73,98,96,78.0,хорошо
97,75,56,45,52,84,68.0,удовлетворительно
94,98,49,91,74,62,78.0,хорошо
72,87,65,54,43,60,64.0,удовлетворительно
43,46,80,74,53,47,57.0,удовлетворительно
69,73,81,68,49,62,67.0,удовлетворительно
87,99,91,84,80,92,89.0,отлично
92,65,47,86,80,82,75.0,хорошо
61,98,59,45,91,56,68.0,удовлетворительно
72,60,44,92,99,89,76.0,хорошо
49,51,85,75,65,73,66.0,удовлетворительно
97,78,81,84,96,58,82.0,хорошо
79,97,93,91,81,76,86.0,отлично
85,70,87,62,81,42,71.0,хорошо
87,88,47,40,96,41,66.0,удовлетворительно
99,58,83,93,72,55,77.0,хорошо
59,69,41,58,51,62,57.0,удовлетворительно
93,47,40,50,80,95,68.0,удовлетворительно
44,59,79,94,64,87,71.0,хорошо
74,48,72,79,77,52,67.0,удовлетворительно
74,54,45,60,88,88,68.0,удовлетворительно
72,57,45,70,95,43,64.0,удовлетворительно
81,61,88,65,55,47,66.0,удовлетворительно
67,78,81,60,52,63,67.0,удовлетворительно
62,97,41,73,64,88,71.0,хорошо
93,88,54,63,81,49,71.0,хорошо
48,51,92,60,43,43,56.0,удовлетворительно
42,72,76,93,58,70,68.0,удовлетворительно
45,99,70,59,89,47,68.0,удовлетворительно
95,68,46,82,43,46,63.0,удовлетворительно
51,62,55,57,83,49,60.0,удовлетворительно
81,69,49,52,48,56,59.0,удовлетворительно
59,98,43,92,97,70,76.0,хорошо
45,46,56,76,80,52,59.0,удовлетворительно
61,45,92,52,74,79,67.0,удовлетворительно
70,74,57,78,80,95,76.0,хорошо
43,77,94,72,84,93,77.0,хорошо
99,62,55,53,84,68,70.0,хорошо
50,50,75,58,53,82,61.0,удовлетворительно
50,50,82,47,42,75,58.0,удовлетворительно
64,84,75,73,52,70,70.0,хорошо
45,76,72,51,57,73,62.0,удовлетворительно
66,51,70,65,60,56,61.0,удовлетворительно
52,94,88,54,54,40,64.0,удовлетворительно
69,93,50,71,92,45,70.0,хорошо
76,42,84,99,71,57,72.0,хорошо
95,78,66,89,92,55,79.0,хорошо
52,86,93,84,74,90,80.0,хорошо
78,56,44,94,45,58,62.0,удовлетворительно
49,54,51,64,54,55,54.0,удовлетворительно
47,77,80,83,69,98,76.0,хорошо
84,67,47,55,82,73,68.0,удовлетворительно
78,52,88,61,98,83,77.0,хорошо
50,77,41,81,98,98,74.0,хорошо
71,97,41,45,46,76,63.0,удовлетворительно
45,92,52,44,85,70,65.0,удовлетворительно
93,71,52,43,62,57,63.0,удовлетворительно
69,63,75,60,46,82,66.0,удовлетворительно
42,78,47,95,81,52,66.0,удовлетворительно
69,68,52,43,42,43,53.0,удовлетворительно
76,83,44,66,90,43,67.0,удовлетворительно
57,48,71,92,89,89,74.0,хорошо
55,87,44,79,55,51,62.0,удовлетворительно
80,74,56,88,63,66,71.0,хорошо
78,45,87,76,89,73,75.0,хорошо
42,58,79,65,43,84,62.0,удовлетворительно
89,85,49,54,79,99,76.0,хорошо
99,96,50,41,63,98,74.0,хорошо
74,81,60,96,88,52,75.0,хорошо
80,57,90,84,75,41,71.0,хорошо
44,42,64,54,45,48,50.0,удовлетворительно
88,64,41,87,46,65,65.0,удовлетворительно
87,43,56,54,82,63,64.0,удовлетворительно
43,60,60,71,42,80,59.0,удовлетворительно
98,95,50,60,43,50,66.0,удовлетворительно
56,64,70,97,54,65,68.0,удовлетворительно
42,75,43,78,79,63,63.0,удовлетворительно
96,43,96,86,97,97,86.0,отлично
49,42,67,60,91,90,66.0,удовлетворительно
55,68,59,77,87,88,72.0,хорошо
45,47,57,52,80,86,61.0,удовлетворительно
71,85,98,84,96,64,83.0,хорошо
90,58,99,62,51,60,70.0,хорошо
89,62,70,54,65,57,66.0,удовлетворительно
46,45,75,64,71,94,66.0,удовлетворительно
87,84,89,42,50,66,70.0,хорошо
92,87,97,98,70,73,86.0,отлично
59,96,46,42,81,61,64.0,удовлетворительно
67,73,43,94,54,84,69.0,удовлетворительно
50,89,84,56,72,42,66.0,удовлетворительно
81,97,64,63,45,59,68.0,удовлетворительно
92,53,76,53,77,97,75.0,хорошо
52,72,71,95,93,83,78.0,хорошо
92,53,54,41,92,91,70.0,хорошо
70,77,60,59,49,54,62.0,удовлетворительно
78,98,44,66,51,41,63.0,удовлетворительно
50,41,99,92,46,96,71.0,хорошо
90,54,50,76,89,45,67.0,удовлетворительно
89,51,57,83,72,74,71.0,хорошо
86,52,90,52,99,42,70.0,хорошо
88,46,69,94,96,84,80.0,хорошо
71,40,96,61,69,69,68.0,удовлетворительно
46,57,78,53,96,84,69.0,удовлетворительно
47,55,52,74,84,46,60.0,удовлетворительно
63,43,63,83,63,62,63.0,удовлетворительно
67,90,42,79,56,43,63.0,удовлетворительно
45,48,56,92,68,90,66.0,удовлетворительно
91,40,46,77,79,91,71.0,хорошо
62,57,64,77,96,88,74.0,хорошо
62,87,45,77,66,95,72.0,хорошо
59,81,67,47,46,96,66.0,удовлетворительно
59,41,68,85,69,54,63.0,удовлетворительно
42,64,74,48,47,44,53.0,удовлетворительно
57,73,41,86,87,86,72.0,хорошо
89,58,57,47,57,51,60.0,удовлетворительно
67,89,78,41,42,76,66.0,удовлетворительно
90,72,44,44,87,79,69.0,удовлетворительно
73,73,73,51,94,76,73.0,хорошо
85,43,48,60,59,60,59.0,удовлетворительно
51,46,51,67,49,96,60.0,удовлетворительно
81,88,68,52,89,97,79.0,хорошо
53,51,57,71,61,42,56.0,удовлетворительно
79,80,63,64,83,77,74.0,хорошо
70,86,62,89,40,93,73.0,хорошо
79,96,60,71,87,51,74.0,хорошо
83,98,86,98,43,46,76.0,хорошо
95,60,73,53,81,48,68.0,удовлетворительно
56,94,67,77,40,97,72.0,хорошо
99,44,48,74,78,42,64.0,удовлетворительно
89,76,72,80,78,70,78.0,хорошо
99,65,72,92,94,96,86.0,отлично
40,66,90,93,75,97,77.0,хорошо
82,53,81,95,56,67,72.0,хорошо
93,56,99,45,55,73,70.0,хорошо
54,94,48,40,96,45,63.0,удовлетворительно
73,49,84,52,56,50,61.0,удовлетворительно
88,48,46,89,55,68,66.0,удовлетворительно
55,73,76,83,71,75,72.0,хорошо
91,68,46,46,60,87,66.0,удовлетворительно
71,91,62,87,84,53,75.0,хорошо
90,82,40,78,66,83,73.0,хорошо
75,51,99,60,42,57,64.0,удовлетворительно
60,73,58,94,54,49,65.0,удовлетворительно
57,56,92,53,43,84,64.0,удовлетворительно
55,69,62,55,96,64,67.0,удовлетворительно
97,73,65,41,96,91,77.0,хорошо
51,87,55,56,80,79,68.0,удовлетворительно
96,68,88,52,47,57,68.0,удовлетворительно
75,98,71,41,81,59,71.0,хорошо
83,93,46,54,72,97,74.0,хорошо
90,45,64,88,72,72,72.0,хорошо
62,68,70,96,42,83,70.0,хорошо
55,42,99,59,49,64,61.0,удовлетворительно
79,88,78,93,65,64,78.0,хорошо
69,77,71,90,83,64,76.0,хорошо
75,50,52,73,98,95,74.0,хорошо
54,57,82,52,59,96,67.0,удовлетворительно
94,91,99,56,47,69,76.0,хорошо
74,43,63,96,68,90,72.0,хорошо
69,80,82,79,59,89,76.0,хорошо
94,82,84,57,98,92,84.0,хорошо
86,47,90,84,60,57,71.0,хорошо
65,65,47,93,45,90,68.0,удовлетворительно
47,81,90,45,80,97,73.0,хорошо
52,70,97,82,86,76,77.0,хорошо
59,57,90,46,45,50,58.0,удовлетворительно
55,58,52,66,75,98,67.0,удовлетворительно
73,73,70,90,82,51,73.0,хорошо
62,90,61,77,56,57,67.0,удовлетворительно
59,46,82,90,86,73,73.0,хорошо
90,57,76,42,72,88,71.0,хорошо
96,96,41,47,54,47,64.0,удовлетворительно
74,60,46,44,59,41,54.0,удовлетворительно
40,70,92,41,66,68,63.0,удовлетворительно
98,56,92,85,95,85,85.0,отлично
57,98,75,83,83,84,80.0,хорошо
67,85,54,64,78,43,65.0,удовлетворительно
44,97,69,85,77,53,71.0,хорошо
68,78,53,75,79,82,72.0,хорошо
88,65,90,68,80,77,78.0,хорошо
74,87,93,53,41,77,71.0,хорошо
77,53,62,78,52,87,68.0,удовлетворительно
89,56,53,75,90,50,69.0,удовлетворительно
99,78,97,76,94,48,82.0,хорошо
64,49,72,67,88,75,69.0,удовлетворительно
98,51,69,74,91,93,79.0,хорошо
58,59,73,69,57,51,61.0,удовлетворительно
42,72,50,61,45,84,59.0,удовлетворительно
92,98,44,55,92,83,77.0,хорошо
75,55,60,93,58,63,67.0,удовлетворительно
63,51,42,96,49,47,58.0,удовлетворительно
51,97,94,45,54,69,68.0,удовлетворительно
52,70,67,78,43,86,66.0,удовлетворительно
57,71,45,98,82,60,69.0,удовлетворительно
85,98,60,61,49,90,74.0,хорошо
95,60,86,63,84,52,73.0,хорошо
71,41,72,54,84,88,68.0,удовлетворительно
56,75,91,65,77,84,75.0,хорошо
88,50,96,82,45,92,76.0,хорошо
69,90,96,70,41,84,75.0,хорошо
74,42,80,87,51,48,64.0,удовлетворительно
78,48,50,69,54,92,65.0,удовлетворительно
74,94,96,64,76,97,84.0,хорошо
62,80,63,63,96,69,72.0,хорошо
90,54,82,46,67,50,65.0,удовлетворительно
92,57,46,77,82,82,73.0,хорошо
77,76,47,54,65,50,62.0,удовлетворительно
70,97,42,63,49,48,62.0,удовлетворительно
66,66,64,55,82,74,68.0,удовлетворительно
79,91,45,86,62,96,76.0,хорошо
42,94,50,91,60,45,64.0,удовлетворительно
82,64,75,92,76,84,79.0,хорошо
51,54,95,59,76,50,64.0,удовлетворительно
67,53,95,86,77,97,79.0,хорошо
73,59,91,95,60,96,79.0,хорошо
58,74,56,49,48,75,60.0,удовлетворительно
49,60,86,82,93,55,71.0,хорошо
77,67,90,68,96,55,76.0,хорошо
48,85,83,76,77,42,68.0,удовлетворительно
63,72,63,87,70,49,67.0,удовлетворительно
93,81,55,47,75,91,74.0,хорошо
83,82,73,67,66,88,76.0,хорошо
47,44,51,87,85,71,64.0,удовлетворительно
85,59,80,51,49,62,64.0,удовлетворительно
47,85,76,95,48,68,70.0,хорошо
61,44,58,57,68,83,62.0,удовлетворительно
76,40,64,89,52,96,70.0,хорошо
50,57,47,98,73,71,66.0,удовлетворительно
58,87,76,43,74,75,69.0,удовлетворительно
42,82,48,58,61,64,59.0,удовлетворительно
64,68,52,51,53,96,64.0,удовлетворительно
74,90,53,52,62,87,70.0,хорошо
60,96,94,74,50,53,71.0,хорошо
75,64,86,53,88,66,72.0,хорошо
46,74,81,53,76,83,69.0,удовлетворительно
75,55,47,64,57,69,61.0,удовлетворительно
89,73,80,65,78,58,74.0,хорошо
95,92,94,85,46,77,82.0,хорошо
71,60,44,67,70,92,67.0,удовлетворительно
53,41,51,48,72,87,59.0,удовлетворительно
48,44,77,89,85,71,69.0,удовлетворительно
88,81,70,80,48,99,78.0,хорошо
53,40,62,86,67,59,61.0,удовлетворительно
88,84,44,71,74,71,72.0,хорошо
64,71,61,67,85,74,70.0,хорошо
47,67,68,87,95,82,74.0,хорошо
56,69,56,53,75,77,64.0,удовлетворительно
94,62,65,88,49,53,68.0,удовлетворительно
80,44,42,59,88,62,62.0,удовлетворительно
94,88,65,51,81,72,75.0,хорошо
42,72,40,42,40,84,53.0,удовлетворительно
40,45,85,68,59,94,65.0,удовлетворительно
62,43,55,75,76,85,66.0,удовлетворительно
97,53,49,86,57,76,70.0,хорошо
42,42,97,74,54,41,58.0,удовлетворительно
81,94,63,77,89,77,80.0,хорошо
75,95,45,73,47,79,69.0,удовлетворительно
50,65,75,69,60,97,69.0,удовлетворительно
70,88,68,93,81,75,79.0,хорошо
59,50,62,52,47,77,58.0,удовлетворительно
45,84,94,90,62,52,71.0,хорошо
72,58,62,57,64,99,69.0,удовлетворительно
83,85,63,85,91,49,76.0,хорошо
73,98,57,70,83,46,71.0,хорошо
86,99,82,86,59,92,84.0,хорошо
76,92,94,89,45,52,75.0,хорошо
88,70,91,65,49,61,71.0,хорошо
96,57,65,41,66,94,70.0,хорошо
73,50,76,91,94,60,74.0,хорошо
41,61,59,85,50,74,62.0,удовлетворительно
59,87,63,74,78,41,67.0,удовлетворительно
82,75,72,69,40,69,68.0,удовлетворительно
88,98,43,95,88,56,78.0,хорошо
83,58,54,56,43,67,60.0,удовлетворительно
97,94,52,64,57,54,70.0,хорошо
72,96,63,60,83,65,73.0,хорошо
76,74,61,63,73,46,66.0,удовлетворительно
48,85,78,86,57,95,75.0,хорошо
99,86,59,75,64,81,77.0,хорошо
87,76,50,82,40,58,66.0,удовлетворительно
68,81,83,84,79,43,73.0,хорошо
76,76,45,67,83,99,74.0,хорошо
86,65,90,68,49,49,68.0,удовлетворительно
56,95,44,80,48,94,70.0,хорошо
52,98,40,74,87,86,73.0,хорошо
69,58,43,49,81,83,64.0,удовлетворительно
99,95,62,63,62,70,75.0,хорошо
76,84,57,48,89,73,71.0,хорошо
99,86,89,48,85,58,78.0,хорошо
66,66,60,62,96,74,71.0,хорошо
94,48,49,76,93,95,76.0,хорошо
81,58,72,67,96,77,75.0,хорошо
40,97,67,55,46,74,63.0,удовлетворительно
58,77,45,61,92,99,72.0,хорошо
61,44,60,79,58,99,67.0,удовлетворительно
97,60,58,53,94,42,67.0,удовлетворительно
42,53,99,49,64,68,62.0,удовлетворительно
51,89,88,82,70,51,72.0,хорошо
88,94,57,69,99,63,78.0,хорошо
75,69,78,83,97,68,78.0,хорошо
96,75,50,46,79,54,67.0,удовлетворительно
97,60,56,60,57,43,62.0,удовлетворительно
78,43,44,93,57,71,64.0,удовлетворительно
61,66,58,74,93,76,71.0,хорошо
86,65,93,65,66,86,77.0,хорошо
87,59,64,82,76,72,73.0,хорошо
69,46,83,55,64,68,64.0,удовлетворительно
61,49,97,81,50,79,70.0,хорошо
51,55,51,97,95,86,72.0,хорошо
83,70,68,43,81,82,71.0,хорошо
65,45,60,77,95,67,68.0,удовлетворительно
87,79,98,68,85,46,77.0,хорошо
80,41,53,51,75,57,60.0,удовлетворительно
40,60,46,45,52,41,47.0,удовлетворительно
84,82,61,60,50,72,68.0,удовлетворительно
82,68,85,48,96,98,80.0,хорошо
63,84,97,78,56,85,77.0,хорошо
89,52,85,46,70,68,68.0,удовлетворительно
95,94,86,42,58,86,77.0,хорошо
41,49,83,89,90,75,71.0,хорошо
84,97,56,99,46,72,76.0,хорошо
47,56,58,75,81,85,67.0,удовлетворительно
57,77,43,92,42,42,59.0,удовлетворительно
64,58,77,90,63,45,66.0,удовлетворительно
92,94,57,89,94,50,79.0,хорошо
81,66,42,61,73,73,66.0,удовлетворительно
42,44,45,65,64,85,58.0,удовлетворительно
53,70,64,89,54,40,62.0,удовлетворительно
73,91,62,55,55,98,72.0,хорошо
96,87,97,77,69,71,83.0,хорошо
67,93,55,79,85,80,76.0,хорошо
88,69,94,64,74,76,78.0,хорошо
74,68,40,96,97,84,76.0,хорошо
81,50,88,83,92,48,74.0,хорошо
85,55,93,76,63,82,76.0,хорошо
81,75,70,42,57,93,70.0,хорошо
92,74,98,58,84,80,81.0,хорошо
43,40,42,50,62,52,48.0,удовлетворительно
50,95,90,98,90,95,86.0,отлично
74,84,83,59,73,54,71.0,хорошо
79,97,61,74,87,70,78.0,хорошо
46,62,63,57,77,67,62.0,удовлетворительно
42,40,49,58,96,42,54.0,удовлетворительно
44,44,68,78,88,52,62.0,удовлетворительно
66,97,97,81,98,80,86.0,отлично
88,91,92,46,58,57,72.0,хорошо
61,98,45,66,42,50,60.0,удовлетворительно
67,82,91,41,55,70,68.0,удовлетворительно
69,60,76,52,40,85,64.0,удовлетворительно
59,78,61,58,76,53,64.0,удовлетворительно
86,59,72,49,70,86,70.0,хорошо
58,97,45,40,81,76,66.0,удовлетворительно
57,54,59,54,90,74,65.0,удовлетворительно
56,63,83,83,80,58,70.0,хорошо
73,63,57,89,83,46,68.0,удовлетворительно
86,86,59,99,60,44,72.0,хорошо
69,51,74,67,73,85,70.0,хорошо
93,52,70,87,47,64,69.0,удовлетворительно
51,88,80,47,55,97,70.0,хорошо
79,74,98,99,99,51,83.0,хорошо
61,93,55,98,98,74,80.0,хорошо
69,69,62,76,70,89,72.0,хорошо
47,43,68,76,66,61,60.0,удовлетворительно
81,72,40,71,71,58,66.0,удовлетворительно
64,71,47,46,61,46,56.0,удовлетворительно
97,70,48,99,66,79,76.0,хорошо
46,80,85,76,85,85,76.0,хорошо
48,73,63,60,87,72,67.0,удовлетворительно
50,51,66,40,95,83,64.0,удовлетворительно
56,63,80,96,54,56,68.0,удовлетворительно
76,93,51,52,63,78,69.0,удовлетворительно
89,66,62,49,70,64,67.0,удовлетворительно
85,70,74,61,51,91,72.0,хорошо
75,60,58,74,81,49,66.0,удовлетворительно
82,55,73,61,41,93,68.0,удовлетворительно
70,66,42,65,73,81,66.0,удовлетворительно
43,60,45,72,68,98,64.0,удовлетворительно
63,84,40,83,54,43,61.0,удовлетворительно
49,68,79,46,99,59,67.0,удовлетворительно
66,61,88,92,48,64,70.0,хорошо
91,84,89,65,50,87,78.0,хорошо
40,81,57,75,81,86,70.0,хорошо
94,86,43,75,68,70,73.0,хорошо
53,47,85,84,83,74,71.0,хорошо
57,40,83,47,56,62,58.0,удовлетворительно
50,53,40,72,40,98,59.0,удовлетворительно
84,57,47,73,43,85,65.0,удовлетворительно
81,88,58,63,94,50,72.0,хорошо
60,88,60,61,94,61,71.0,хорошо
85,55,45,93,79,59,69.0,удовлетворительно
69,94,80,50,53,73,70.0,хорошо
53,63,58,72,53,89,65.0,удовлетворительно
75,86,87,97,79,55,80.0,хорошо
78,94,63,84,84,50,76.0,хорошо
43,50,58,99,63,44,60.0,удовлетворительно
46,42,53,47,68,65,54.0,удовлетворительно
62,50,92,69,51,57,64.0,удовлетворительно
81,80,90,73,80,51,76.0,хорошо
88,73,97,91,90,76,86.0,отлично
96,65,79,72,78,46,73.0,хорошо
63,77,81,97,89,48,76.0,хорошо
98,59,78,90,56,41,70.0,хорошо
74,52,51,61,43,99,63.0,удовлетворительно
43,63,57,72,90,75,67.0,удовлетворительно
88,75,52,76,78,63,72.0,хорошо
91,78,98,69,90,42,78.0,хорошо
82,40,83,95,48,60,68.0,удовлетворительно
81,97,77,41,70,85,75.0,хорошо
63,77,66,90,83,94,79.0,хорошо
79,82,98,91,91,43,81.0,хорошо
62,75,65,80,86,97,78.0,хорошо
91,51,47,42,77,75,64.0,удовлетворительно
53,80,76,60,45,43,60.0,удовлетворительно
78,55,73,98,80,84,78.0,хорошо
68,61,91,98,72,69,76.0,хорошо
85,91,66,84,53,64,74.0,хорошо
73,42,67,69,84,87,70.0,хорошо
57,49,48,61,93,99,68.0,удовлетворительно
83,63,80,76,62,82,74.0,хорошо
41,74,66,77,83,75,69.0,удовлетворительно
66,84,73,47,64,56,65.0,удовлетворительно
99,42,68,69,69,44,65.0,удовлетворительно
78,65,46,43,56,73,60.0,удовлетворительно
68,79,90,61,74,41,69.0,удовлетворительно
84,55,56,89,83,57,71.0,хорошо
67,52,58,87,91,90,74.0,хорошо
96,54,48,42,76,96,69.0,удовлетворительно
67,65,56,66,64,68,64.0,удовлетворительно
93,72,53,45,99,47,68.0,удовлетворительно
50,86,58,44,97,99,72.0,хорошо
91,43,61,50,72,47,61.0,удовлетворительно
82,88,92,57,47,73,73.0,хорошо
49,47,52,82,78,63,62.0,удовлетворительно
64,57,62,73,57,87,67.0,удовлетворительно
81,69,90,47,41,88,69.0,удовлетворительно
96,93,80,97,64,79,85.0,отлично
54,95,83,76,96,58,77.0,хорошо
46,42,69,83,57,62,60.0,удовлетворительно
79,66,43,55,65,82,65.0,удовлетворительно
97,57,79,75,50,75,72.0,хорошо
48,73,62,48,82,67,63.0,удовлетворительно
99,96,60,97,71,81,84.0,хорошо
57,45,50,59,50,97,60.0,удовлетворительно
72,71,72,43,97,76,72.0,хорошо
55,56,47,93,82,48,64.0,удовлетворительно
72,73,53,55,44,77,62.0,удовлетворительно
67,52,88,94,87,76,77.0,хорошо
77,75,91,79,42,56,70.0,хорошо
58,66,72,96,92,83,78.0,хорошо
57,54,99,96,40,80,71.0,хорошо
59,90,89,84,49,47,70.0,хорошо
40,61,95,63,81,76,69.0,удовлетворительно
84,82,78,52,81,57,72.0,хорошо
97,74,94,82,97,94,90.0,отлично
81,66,87,70,81,54,73.0,хорошо
68,80,72,59,91,60,72.0,хорошо
57,44,55,54,67,44,54.0,удовлетворительно
61,72,70,46,80,71,67.0,удовлетворительно
73,99,41,94,69,81,76.0,хорошо
73,46,98,80,77,58,72.0,хорошо
94,43,72,82,89,80,77.0,хорошо
62,81,86,55,86,72,74.0,хорошо
55,57,99,88,81,79,76.0,хорошо
45,66,44,77,74,51,60.0,удовлетворительно
94,54,54,70,92,77,74.0,хорошо
61,70,52,65,73,44,61.0,удовлетворительно
87,63,93,78,48,96,78.0,хорошо
65,75,74,89,77,88,78.0,хорошо
64,41,92,84,93,51,71.0,хорошо
85,67,51,42,73,85,67.0,удовлетворительно
88,81,43,66,71,68,70.0,хорошо
71,44,96,97,63,73,74.0,хорошо
88,78,99,99,79,96,90.0,отлично
93,63,63,85,97,83,81.0,хорошо
62,43,75,83,90,78,72.0,хорошо
43,40,48,78,87,91,64.0,удовлетворительно
55,42,86,98,73,52,68.0,удовлетворительно
59,94,58,58,89,58,69.0,удовлетворительно
99,72,76,98,80,70,82.0,хорошо
91,55,88,67,65,45,68.0,удовлетворительно
61,61,59,80,66,69,66.0,удовлетворительно
48,90,84,70,45,45,64.0,удовлетворительно
93,72,84,42,72,96,76.0,хорошо
75,48,70,96,65,76,72.0,хорошо
92,88,91,94,67,48,80.0,хорошо
69,89,61,76,96,75,78.0,хорошо
72,64,75,73,49,50,64.0,удовлетворительно
96,83,40,85,88,43,72.0,хорошо
47,89,78,40,58,74,64.0,удовлетворительно
55,86,79,79,82,53,72.0,хорошо
89,65,99,43,91,76,77.0,хорошо
90,70,94,92,54,56,76.0,хорошо
86,85,85,65,64,62,74.0,хорошо
90,44,72,87,75,95,77.0,хорошо
75,88,85,84,87,64,80.0,хорошо
99,69,48,83,88,52,73.0,хорошо
40,98,81,42,61,94,69.0,удовлетворительно
97,81,70,73,40,90,75.0,хорошо
73,92,57,49,85,53,68.0,удовлетворительно
77,73,95,72,80,97,82.0,хорошо
95,74,68,72,87,73,78.0,хорошо
51,96,50,60,61,68,64.0,удовлетворительно
55,98,72,46,48,78,66.0,удовлетворительно
44,92,81,57,79,50,67.0,удовлетворительно
44,48,65,66,70,61,59.0,удовлетворительно
73,60,92,67,43,50,64.0,удовлетворительно
77,82,88,61,97,64,78.0,хорошо
57,48,84,73,92,51,68.0,удовлетворительно
60,43,61,84,55,46,58.0,удовлетворительно
94,56,97,43,62,62,69.0,удовлетворительно
97,86,54,93,74,69,79.0,хорошо
95,41,98,94,99,42,78.0,хорошо
79,98,65,63,87,58,75.0,хорошо
75,58,61,61,67,47,62.0,удовлетворительно
62,71,92,86,60,78,75.0,хорошо
64,75,40,74,98,60,68.0,удовлетворительно
48,76,74,80,66,96,73.0,хорошо
55,59,49,46,96,88,66.0,удовлетворительно
89,86,87,68,46,89,78.0,хорошо
94,57,53,68,88,62,70.0,хорошо
64,96,91,74,76,41,74.0,хорошо
68,56,64,70,83,74,69.0,удовлетворительно
97,59,42,88,96,55,73.0,хорошо
92,55,73,62,54,64,67.0,удовлетворительно
47,49,87,54,51,73,60.0,удовлетворительно
81,76,78,99,82,76,82.0,хорошо
98,69,79,82,46,69,74.0,хорошо
88,72,92,54,68,73,74.0,хорошо
63,94,95,40,70,64,71.0,хорошо
51,40,98,47,52,77,61.0,удовлетворительно
64,91,90,68,51,53,70.0,хорошо
55,57,40,90,49,71,60.0,удовлетворительно
48,45,87,40,80,65,61.0,удовлетворительно
96,85,60,80,46,58,71.0,хорошо
94,78,99,86,91,80,88.0,отлично
54,75,87,49,64,41,62.0,удовлетворительно
86,87,69,79,80,43,74.0,хорошо
82,43,86,95,67,76,75.0,хорошо
62,49,78,70,88,68,69.0,удовлетворительно
80,65,62,53,88,48,66.0,удовлетворительно
61,42,82,52,82,93,69.0,удовлетворительно
62,73,42,80,62,95,69.0,удовлетворительно
74,57,47,52,55,68,59.0,удовлетворительно
41,43,71,71,78,48,59.0,удовлетворительно
98,84,74,93,92,50,82.0,хорошо
89,82,41,94,68,44,70.0,хорошо
65,48,65,60,80,42,60.0,удовлетворительно
60,68,68,84,97,96,79.0,хорошо
78,45,58,89,96,74,73.0,хорошо
80,78,62,40,94,45,66.0,удовлетворительно
60,58,74,64,80,72,68.0,удовлетворительно
72,70,66,59,74,58,66.0,удовлетворительно
80,66,71,43,91,90,74.0,хорошо
93,68,41,76,83,81,74.0,хорошо
40,49,47,72,47,49,51.0,удовлетворительно
44,92,48,40,81,41,58.0,удовлетворительно
68,72,89,95,53,89,78.0,хорошо
64,99,59,62,91,55,72.0,хорошо
44,93,62,91,98,59,74.0,хорошо
45,81,64,84,96,67,73.0,хорошо
64,60,67,91,50,54,64.0,удовлетворительно
84,96,52,48,58,56,66.0,удовлетворительно
48,81,76,59,86,56,68.0,удовлетворительно
60,97,45,42,83,99,71.0,хорошо
54,49,98,69,60,64,66.0,удовлетворительно
99,86,71,54,82,47,73.0,хорошо
60,98,77,91,46,77,75.0,хорошо
73,44,60,47,47,74,58.0,удовлетворительно
51,85,61,66,63,50,63.0,удовлетворительно
87,62,73,42,84,91,73.0,хорошо
81,79,74,76,47,75,72.0,хорошо
64,67,76,50,49,89,66.0,удовлетворительно
67,79,60,69,92,54,70.0,хорошо
43,92,77,61,51,43,61.0,удовлетворительно
86,95,91,65,96,74,84.0,хорошо
49,71,91,96,66,98,78.0,хорошо
84,92,46,86,55,97,77.0,хорошо
44,66,88,85,61,87,72.0,хорошо
88,92,88,48,49,96,77.0,хорошо
94,72,73,44,59,97,73.0,хорошо
85,45,52,55,62,80,63.0,удовлетворительно
42,84,51,93,57,46,62.0,удовлетворительно
77,41,45,65,72,56,59.0,удовлетворительно
75,62,83,92,86,60,76.0,хорошо
90,40,67,69,80,59,68.0,удовлетворительно
94,50,51,75,88,46,67.0,удовлетворительно
46,58,43,71,50,97,61.0,удовлетворительно
56,74,52,77,79,50,65.0,удовлетворительно
89,94,90,40,96,64,79.0,хорошо
59,46,94,72,55,58,64.0,удовлетворительно
99,85,66,85,87,65,81.0,хорошо
42,94,69,48,57,60,62.0,удовлетворительно
65,41,51,52,51,63,54.0,удовлетворительно
73,93,98,91,94,49,83.0,хорошо
88,59,88,74,45,94,75.0,хорошо
55,63,81,66,61,74,67.0,удовлетворительно
85,55,40,58,45,87,62.0,удовлетворительно
42,43,84,64,40,45,53.0,удовлетворительно
67,82,89,55,89,45,71.0,хорошо
90,48,77,60,69,91,72.0,хорошо
61,41,86,73,89,70,70.0,хорошо
72,86,86,90,74,50,76.0,хорошо
58,44,82,64,76,84,68.0,удовлетворительно
68,79,98,97,93,95,88.0,отлично
64,40,57,97,55,55,61.0,удовлетворительно
77,51,57,91,84,93,76.0,хорошо
40,83,47,90,45,90,66.0,удовлетворительно
77,95,91,60,93,42,76.0,хорошо
68,52,42,90,79,57,65.0,удовлетворительно
85,73,62,72,93,44,72.0,хорошо
41,91,74,48,46,99,66.0,удовлетворительно
96,70,98,98,81,91,89.0,отлично
59,43,62,79,53,81,63.0,удовлетворительно
80,89,58,88,86,80,80.0,хорошо
80,44,74,52,59,97,68.0,удовлетворительно
60,69,94,83,98,41,74.0,хорошо
50,84,99,82,42,92,75.0,хорошо
75,77,55,94,86,58,74.0,хорошо
47,94,86,46,59,93,71.0,хорошо
42,63,89,80,51,89,69.0,удовлетворительно
62,47,91,46,96,75,70.0,хорошо
54,96,53,66,72,40,64.0,удовлетворительно
55,79,55,63,57,71,63.0,удовлетворительно
86,96,44,91,41,77,72.0,хорошо
59,49,76,85,99,62,72.0,хорошо
64,73,76,78,56,72,70.0,хорошо
91,40,64,97,41,58,65.0,удовлетворительно
84,50,53,44,98,87,69.0,удовлетворительно
77,64,97,67,40,60,68.0,удовлетворительно
84,49,71,97,49,71,70.0,хорошо
62,96,51,65,66,60,67.0,удовлетворительно
46,70,57,73,81,52,63.0,удовлетворительно
91,74,71,67,43,69,69.0,удовлетворительно
69,79,93,58,51,99,75.0,хорошо
96,64,68,91,65,91,79.0,хорошо
71,71,78,69,48,75,69.0,удовлетворительно
45,98,58,72,98,43,69.0,удовлетворительно
49,82,64,78,42,69,64.0,удовлетворительно
45,96,71,44,90,54,67.0,удовлетворительно
80,42,97,45,64,71,66.0,удовлетворительно
94,83,90,80,42,46,72.0,хорошо
76,93,66,76,57,77,74.0,хорошо
65,42,79,66,92,95,73.0,хорошо
91,67,63,83,80,79,77.0,хорошо
72,51,79,72,55,98,71.0,хорошо
76,42,69,57,84,88,69.0,удовлетворительно
99,41,90,83,50,61,71.0,хорошо
50,88,79,73,68,57,69.0,удовлетворительно
44,46,49,75,83,60,60.0,удовлетворительно
53,69,78,99,86,42,71.0,хорошо
75,58,92,90,64,50,72.0,хорошо
93,41,65,42,65,91,66.0,удовлетворительно
63,63,98,48,86,60,70.0,хорошо
73,99,66,90,75,76,80.0,хорошо
57,92,76,87,79,66,76.0,хорошо
54,95,98,73,83,92,82.0,хорошо
98,81,83,85,50,76,79.0,хорошо
51,92,86,83,55,72,73.0,хорошо
68,95,75,60,91,46,72.0,хорошо
82,89,53,59,48,66,66.0,удовлетворительно
65,71,89,88,58,44,69.0,удовлетворительно
73,88,77,63,45,79,71.0,хорошо
43,63,98,86,73,86,75.0,хорошо
97,63,46,97,98,95,83.0,хорошо
71,55,95,90,82,85,80.0,хорошо
76,68,70,67,90,46,70.0,хорошо
62,61,60,73,65,66,64.0,удовлетворительно
75,69,55,60,77,64,67.0,удовлетворительно
56,86,79,56,50,99,71.0,хорошо
82,73,64,81,59,41,67.0,удовлетворительно
67,64,51,86,67,92,71.0,хорошо
91,93,74,41,68,84,75.0,хорошо
89,98,99,53,45,62,74.0,хорошо
66,81,47,42,92,80,68.0,удовлетворительно
87,53,87,64,42,73,68.0,удовлетворительно
46,74,99,66,72,56,69.0,удовлетворительно
64,79,86,70,54,43,66.0,удовлетворительно
56,81,56,41,83,65,64.0,удовлетворительно
50,68,90,93,83,53,73.0,хорошо
48,53,99,90,73,96,76.0,хорошо
93,55,49,82,68,76,70.0,хорошо
83,55,68,96,48,55,68.0,удовлетворительно
59,80,49,60,66,57,62.0,удовлетворительно
61,50,56,44,80,74,61.0,удовлетворительно
64,51,85,63,60,70,66.0,удовлетворительно
63,51,72,96,79,59,70.0,хорошо
60,60,52,66,73,46,60.0,удовлетворительно
89,86,70,50,42,65,67.0,удовлетворительно
50,65,72,63,60,64,62.0,удовлетворительно
98,40,50,50,76,60,62.0,удовлетворительно
64,93,81,55,73,49,69.0,удовлетворительно
63,59,67,91,78,95,76.0,хорошо
66,93,95,49,86,77,78.0,хорошо
63,50,74,75,45,58,61.0,удовлетворительно
65,57,61,74,77,66,67.0,удовлетворительно
40,48,47,59,92,67,59.0,удовлетворительно
77,71,75,56,81,58,70.0,хорошо
44,60,59,71,65,77,63.0,удовлетворительно
67,57,73,81,47,93,70.0,хорошо
75,71,67,75,87,83,76.0,хорошо
64,73,83,61,65,84,72.0,хорошо
98,48,99,45,69,95,76.0,хорошо
88,40,90,59,50,64,65.0,удовлетворительно
53,69,98,50,86,54,68.0,удовлетворительно
56,78,57,90,87,43,68.0,удовлетворительно
50,86,65,85,54,46,64.0,удовлетворительно
52,98,41,70,98,67,71.0,хорошо
41,61,64,94,60,82,67.0,удовлетворительно
51,41,65,51,90,84,64.0,удовлетворительно
91,71,50,99,56,94,77.0,хорошо
58,78,50,68,90,61,68.0,удовлетворительно
94,82,93,44,57,46,69.0,удовлетворительно
77,94,91,52,86,93,82.0,хорошо
92,99,78,50,99,83,84.0,хорошо
86,58,76,98,94,82,82.0,хорошо
51,44,66,96,88,61,68.0,удовлетворительно
42,62,57,98,80,82,70.0,хорошо
61,42,81,76,51,64,62.0,удовлетворительно
52,70,79,59,64,40,61.0,удовлетворительно
52,88,88,98,46,97,78.0,хорошо
45,96,69,63,94,89,76.0,хорошо
51,48,80,63,74,52,61.0,удовлетворительно
71,48,47,82,67,65,63.0,удовлетворительно
70,62,80,56,71,83,70.0,хорошо
99,55,85,45,50,90,71.0,хорошо
90,89,54,54,71,73,72.0,хорошо
55,80,49,59,57,91,65.0,удовлетворительно
86,96,98,85,49,54,78.0,хорошо
64,89,45,66,84,58,68.0,удовлетворительно
55,47,76,85,85,43,65.0,удовлетворительно
72,78,90,43,53,85,70.0,хорошо
52,62,64,57,90,74,66.0,удовлетворительно
75,52,90,52,69,83,70.0,хорошо
65,72,82,74,59,79,72.0,хорошо
86,91,75,79,46,89,78.0,хорошо
91,67,99,68,79,92,83.0,хорошо
76,81,70,86,67,49,72.0,хорошо
67,70,87,65,41,63,66.0,удовлетворительно
49,43,63,83,92,54,64.0,удовлетворительно
51,61,65,57,70,73,63.0,удовлетворительно
95,76,63,59,72,71,73.0,хорошо
44,47,53,73,87,83,64.0,удовлетворительно
72,64,93,92,45,92,76.0,хорошо
63,91,50,90,60,82,73.0,хорошо
96,43,61,85,62,50,66.0,удовлетворительно
66,57,69,69,90,60,68.0,удовлетворительно
42,50,56,96,44,51,56.0,удовлетворительно
53,40,46,90,94,42,61.0,удовлетворительно
72,90,44,86,81,54,71.0,хорошо
66,45,44,65,96,83,66.0,удовлетворительно
41,43,82,97,75,43,64.0,удовлетворительно
79,52,55,75,99,88,75.0,хорошо
73,52,41,88,50,73,63.0,удовлетворительно
62,86,45,45,64,49,58.0,удовлетворительно
58,68,54,53,75,87,66.0,удовлетворительно
96,53,83,44,61,94,72.0,хорошо
96,64,81,49,84,76,75.0,хорошо
54,95,96,95,67,92,83.0,хорошо
84,62,96,65,42,80,72.0,хорошо
95,50,96,65,47,81,72.0,хорошо
44,93,60,91,48,47,64.0,удовлетворительно
48,77,58,73,96,41,66.0,удовлетворительно
62,44,79,82,85,66,70.0,хорошо
76,64,77,56,70,82,71.0,хорошо
98,84,71,62,48,56,70.0,хорошо
75,57,57,94,78,67,71.0,хорошо
98,69,54,63,44,79,68.0,удовлетворительно
63,41,85,41,83,71,64.0,удовлетворительно
67,60,69,98,70,70,72.0,хорошо
58,97,70,42,51,52,62.0,удовлетворительно
51,73,76,98,66,58,70.0,хорошо
40,71,98,48,71,57,64.0,удовлетворительно
47,74,94,59,51,57,64.0,удовлетворительно
73,44,76,52,77,66,65.0,удовлетворительно
71,53,72,58,43,90,64.0,удовлетворительно
52,91,97,94,72,52,76.0,хорошо
57,54,53,51,81,57,59.0,удовлетворительно
61,52,69,53,75,40,58.0,удовлетворительно
79,69,48,80,99,61,73.0,хорошо
53,92,44,68,46,44,58.0,удовлетворительно
62,65,99,59,74,66,71.0,хорошо
71,67,59,80,58,56,65.0,удовлетворительно
64,53,51,41,78,76,60.0,удовлетворительно
51,97,97,57,57,87,74.0,хорошо
45,72,44,63,95,54,62.0,удовлетворительно
45,68,50,42,60,92,60.0,удовлетворительно
44,41,79,76,60,98,66.0,удовлетворительно
57,81,96,72,80,57,74.0,хорошо
43,77,81,74,70,55,67.0,удовлетворительно
80,93,99,82,73,97,87.0,отлично
55,85,63,99,47,87,73.0,хорошо
72,97,42,88,68,85,75.0,хорошо
52,88,97,49,64,79,72.0,хорошо
57,93,78,70,77,61,73.0,хорошо
80,99,57,99,60,99,82.0,хорошо
62,81,90,74,93,65,78.0,хорошо
74,50,89,70,57,69,68.0,удовлетворительно
74,87,61,45,82,86,72.0,хорошо
46,43,60,86,71,96,67.0,удовлетворительно
90,95,68,43,44,89,72.0,хорошо
80,98,98,45,62,40,70.0,хорошо
40,86,95,99,85,54,76.0,хорошо
80,59,83,71,64,63,70.0,хорошо
42,54,73,70,85,67,65.0,удовлетворительно
87,72,76,95,80,94,84.0,хорошо
87,57,42,55,75,84,67.0,удовлетворительно
94,72,56,85,41,62,68.0,удовлетворительно
97,72,55,61,84,68,73.0,хорошо
42,52,91,56,93,45,63.0,удовлетворительно
68,46,87,72,67,85,71.0,хорошо
78,63,63,98,42,49,66.0,удовлетворительно
55,42,67,50,94,45,59.0,удовлетворительно
80,99,73,80,76,82,82.0,хорошо
73,51,43,80,77,66,65.0,удовлетворительно
90,96,48,74,89,42,73.0,хорошо
97,50,77,94,43,99,77.0,хорошо
76,87,47,81,72,53,69.0,удовлетворительно
51,51,80,79,44,62,61.0,удовлетворительно
71,79,96,95,88,62,82.0,хорошо
64,84,68,89,76,61,74.0,хорошо
58,81,73,54,65,89,70.0,хорошо
96,91,89,80,71,88,86.0,отлично
40,86,90,78,45,79,70.0,хорошо
63,85,84,78,62,56,71.0,хорошо
56,74,64,61,88,51,66.0,удовлетворительно
45,61,75,42,65,90,63.0,удовлетворительно
51,47,69,81,46,73,61.0,удовлетворительно
49,93,80,84,64,80,75.0,хорошо
89,41,54,45,90,95,69.0,удовлетворительно
50,58,44,61,64,69,58.0,удовлетворительно
66,56,62,63,61,98,68.0,удовлетворительно
70,92,98,56,83,56,76.0,хорошо
99,65,45,50,91,78,71.0,хорошо
